﻿{"v":"4.7.0","fr":8,"ip":0,"op":49,"w":750,"h":560,"nm":"zlw-遮风挡雨","ddd":0,"assets":[{"id":"image_0","w":750,"h":560,"u":"images/","p":"giftMiddle_animation_zfdy_0.png"},{"id":"image_1","w":750,"h":560,"u":"images/","p":"giftMiddle_animation_zfdy_1.png"},{"id":"image_2","w":750,"h":560,"u":"images/","p":"giftMiddle_animation_zfdy_2.png"},{"id":"image_3","w":750,"h":560,"u":"images/","p":"giftMiddle_animation_zfdy_3.png"},{"id":"image_4","w":750,"h":560,"u":"images/","p":"giftMiddle_animation_zfdy_4.png"},{"id":"image_5","w":750,"h":560,"u":"images/","p":"giftMiddle_animation_zfdy_5.png"},{"id":"image_6","w":750,"h":560,"u":"images/","p":"giftMiddle_animation_zfdy_6.png"},{"id":"image_7","w":750,"h":560,"u":"images/","p":"giftMiddle_animation_zfdy_7.png"},{"id":"image_8","w":750,"h":560,"u":"images/","p":"giftMiddle_animation_zfdy_8.png"},{"id":"image_9","w":750,"h":560,"u":"images/","p":"giftMiddle_animation_zfdy_9.png"},{"id":"image_10","w":750,"h":560,"u":"images/","p":"giftMiddle_animation_zfdy_10.png"},{"id":"image_11","w":750,"h":560,"u":"images/","p":"giftMiddle_animation_zfdy_11.png"},{"id":"image_12","w":750,"h":560,"u":"images/","p":"giftMiddle_animation_zfdy_12.png"},{"id":"image_13","w":750,"h":560,"u":"images/","p":"giftMiddle_animation_zfdy_13.png"},{"id":"image_14","w":750,"h":560,"u":"images/","p":"giftMiddle_animation_zfdy_14.png"},{"id":"image_15","w":750,"h":560,"u":"images/","p":"giftMiddle_animation_zfdy_15.png"},{"id":"image_16","w":750,"h":560,"u":"images/","p":"giftMiddle_animation_zfdy_16.png"},{"id":"image_17","w":750,"h":560,"u":"images/","p":"giftMiddle_animation_zfdy_17.png"},{"id":"image_18","w":750,"h":560,"u":"images/","p":"giftMiddle_animation_zfdy_18.png"},{"id":"image_19","w":750,"h":560,"u":"images/","p":"giftMiddle_animation_zfdy_19.png"},{"id":"image_20","w":750,"h":560,"u":"images/","p":"giftMiddle_animation_zfdy_20.png"},{"id":"image_21","w":750,"h":560,"u":"images/","p":"giftMiddle_animation_zfdy_21.png"},{"id":"image_22","w":750,"h":560,"u":"images/","p":"giftMiddle_animation_zfdy_22.png"},{"id":"image_23","w":750,"h":560,"u":"images/","p":"giftMiddle_animation_zfdy_23.png"},{"id":"image_24","w":750,"h":560,"u":"images/","p":"giftMiddle_animation_zfdy_24.png"},{"id":"image_25","w":750,"h":560,"u":"images/","p":"giftMiddle_animation_zfdy_25.png"},{"id":"image_26","w":750,"h":560,"u":"images/","p":"giftMiddle_animation_zfdy_26.png"},{"id":"image_27","w":750,"h":560,"u":"images/","p":"giftMiddle_animation_zfdy_27.png"},{"id":"image_28","w":750,"h":560,"u":"images/","p":"giftMiddle_animation_zfdy_28.png"},{"id":"image_29","w":750,"h":560,"u":"images/","p":"giftMiddle_animation_zfdy_29.png"},{"id":"image_30","w":750,"h":560,"u":"images/","p":"giftMiddle_animation_zfdy_30.png"},{"id":"image_31","w":750,"h":560,"u":"images/","p":"giftMiddle_animation_zfdy_31.png"},{"id":"image_32","w":750,"h":560,"u":"images/","p":"giftMiddle_animation_zfdy_32.png"},{"id":"image_33","w":750,"h":560,"u":"images/","p":"giftMiddle_animation_zfdy_33.png"},{"id":"image_34","w":750,"h":560,"u":"images/","p":"giftMiddle_animation_zfdy_34.png"},{"id":"image_35","w":750,"h":560,"u":"images/","p":"giftMiddle_animation_zfdy_35.png"},{"id":"image_36","w":750,"h":560,"u":"images/","p":"giftMiddle_animation_zfdy_36.png"},{"id":"image_37","w":750,"h":560,"u":"images/","p":"giftMiddle_animation_zfdy_37.png"},{"id":"image_38","w":750,"h":560,"u":"images/","p":"giftMiddle_animation_zfdy_38.png"},{"id":"image_39","w":750,"h":560,"u":"images/","p":"giftMiddle_animation_zfdy_39.png"},{"id":"image_40","w":750,"h":560,"u":"images/","p":"giftMiddle_animation_zfdy_40.png"},{"id":"image_41","w":750,"h":560,"u":"images/","p":"giftMiddle_animation_zfdy_41.png"},{"id":"image_42","w":750,"h":560,"u":"images/","p":"giftMiddle_animation_zfdy_42.png"},{"id":"image_43","w":750,"h":560,"u":"images/","p":"giftMiddle_animation_zfdy_43.png"},{"id":"image_44","w":750,"h":560,"u":"images/","p":"giftMiddle_animation_zfdy_44.png"},{"id":"image_45","w":750,"h":560,"u":"images/","p":"giftMiddle_animation_zfdy_45.png"},{"id":"image_46","w":750,"h":560,"u":"images/","p":"giftMiddle_animation_zfdy_46.png"},{"id":"image_47","w":750,"h":560,"u":"images/","p":"giftMiddle_animation_zfdy_47.png"},{"id":"image_48","w":750,"h":560,"u":"images/","p":"giftMiddle_animation_zfdy_48.png"}],"layers":[{"ddd":0,"ind":1,"ty":2,"nm":"zfdy0001.png","cl":"png","refId":"image_0","ks":{"o":{"a":1,"k":[{"i":{"x":[0.833],"y":[0.833]},"o":{"x":[0.167],"y":[0.167]},"n":["0p833_0p833_0p167_0p167"],"t":44,"s":[100],"e":[0]},{"t":48}]},"r":{"a":0,"k":0},"p":{"a":0,"k":[375,280,0]},"a":{"a":0,"k":[375,280,0]},"s":{"a":0,"k":[100,100,100]}},"ao":0,"ip":0,"op":1,"st":0,"bm":0,"sr":1},{"ddd":0,"ind":2,"ty":2,"nm":"zfdy0004.png","cl":"png","refId":"image_1","ks":{"o":{"a":1,"k":[{"i":{"x":[0.833],"y":[0.833]},"o":{"x":[0.167],"y":[0.167]},"n":["0p833_0p833_0p167_0p167"],"t":44,"s":[100],"e":[0]},{"t":48}]},"r":{"a":0,"k":0},"p":{"a":0,"k":[375,280,0]},"a":{"a":0,"k":[375,280,0]},"s":{"a":0,"k":[100,100,100]}},"ao":0,"ip":1,"op":2,"st":1,"bm":0,"sr":1},{"ddd":0,"ind":3,"ty":2,"nm":"zfdy0007.png","cl":"png","refId":"image_2","ks":{"o":{"a":1,"k":[{"i":{"x":[0.833],"y":[0.833]},"o":{"x":[0.167],"y":[0.167]},"n":["0p833_0p833_0p167_0p167"],"t":44,"s":[100],"e":[0]},{"t":48}]},"r":{"a":0,"k":0},"p":{"a":0,"k":[375,280,0]},"a":{"a":0,"k":[375,280,0]},"s":{"a":0,"k":[100,100,100]}},"ao":0,"ip":2,"op":3,"st":2,"bm":0,"sr":1},{"ddd":0,"ind":4,"ty":2,"nm":"zfdy0010.png","cl":"png","refId":"image_3","ks":{"o":{"a":1,"k":[{"i":{"x":[0.833],"y":[0.833]},"o":{"x":[0.167],"y":[0.167]},"n":["0p833_0p833_0p167_0p167"],"t":44,"s":[100],"e":[0]},{"t":48}]},"r":{"a":0,"k":0},"p":{"a":0,"k":[375,280,0]},"a":{"a":0,"k":[375,280,0]},"s":{"a":0,"k":[100,100,100]}},"ao":0,"ip":3,"op":4,"st":3,"bm":0,"sr":1},{"ddd":0,"ind":5,"ty":2,"nm":"zfdy0013.png","cl":"png","refId":"image_4","ks":{"o":{"a":1,"k":[{"i":{"x":[0.833],"y":[0.833]},"o":{"x":[0.167],"y":[0.167]},"n":["0p833_0p833_0p167_0p167"],"t":44,"s":[100],"e":[0]},{"t":48}]},"r":{"a":0,"k":0},"p":{"a":0,"k":[375,280,0]},"a":{"a":0,"k":[375,280,0]},"s":{"a":0,"k":[100,100,100]}},"ao":0,"ip":4,"op":5,"st":4,"bm":0,"sr":1},{"ddd":0,"ind":6,"ty":2,"nm":"zfdy0016.png","cl":"png","refId":"image_5","ks":{"o":{"a":1,"k":[{"i":{"x":[0.833],"y":[0.833]},"o":{"x":[0.167],"y":[0.167]},"n":["0p833_0p833_0p167_0p167"],"t":44,"s":[100],"e":[0]},{"t":48}]},"r":{"a":0,"k":0},"p":{"a":0,"k":[375,280,0]},"a":{"a":0,"k":[375,280,0]},"s":{"a":0,"k":[100,100,100]}},"ao":0,"ip":5,"op":6,"st":5,"bm":0,"sr":1},{"ddd":0,"ind":7,"ty":2,"nm":"zfdy0019.png","cl":"png","refId":"image_6","ks":{"o":{"a":1,"k":[{"i":{"x":[0.833],"y":[0.833]},"o":{"x":[0.167],"y":[0.167]},"n":["0p833_0p833_0p167_0p167"],"t":44,"s":[100],"e":[0]},{"t":48}]},"r":{"a":0,"k":0},"p":{"a":0,"k":[375,280,0]},"a":{"a":0,"k":[375,280,0]},"s":{"a":0,"k":[100,100,100]}},"ao":0,"ip":6,"op":7,"st":6,"bm":0,"sr":1},{"ddd":0,"ind":8,"ty":2,"nm":"zfdy0022.png","cl":"png","refId":"image_7","ks":{"o":{"a":1,"k":[{"i":{"x":[0.833],"y":[0.833]},"o":{"x":[0.167],"y":[0.167]},"n":["0p833_0p833_0p167_0p167"],"t":44,"s":[100],"e":[0]},{"t":48}]},"r":{"a":0,"k":0},"p":{"a":0,"k":[375,280,0]},"a":{"a":0,"k":[375,280,0]},"s":{"a":0,"k":[100,100,100]}},"ao":0,"ip":7,"op":8,"st":7,"bm":0,"sr":1},{"ddd":0,"ind":9,"ty":2,"nm":"zfdy0025.png","cl":"png","refId":"image_8","ks":{"o":{"a":1,"k":[{"i":{"x":[0.833],"y":[0.833]},"o":{"x":[0.167],"y":[0.167]},"n":["0p833_0p833_0p167_0p167"],"t":44,"s":[100],"e":[0]},{"t":48}]},"r":{"a":0,"k":0},"p":{"a":0,"k":[375,280,0]},"a":{"a":0,"k":[375,280,0]},"s":{"a":0,"k":[100,100,100]}},"ao":0,"ip":8,"op":9,"st":8,"bm":0,"sr":1},{"ddd":0,"ind":10,"ty":2,"nm":"zfdy0028.png","cl":"png","refId":"image_9","ks":{"o":{"a":1,"k":[{"i":{"x":[0.833],"y":[0.833]},"o":{"x":[0.167],"y":[0.167]},"n":["0p833_0p833_0p167_0p167"],"t":44,"s":[100],"e":[0]},{"t":48}]},"r":{"a":0,"k":0},"p":{"a":0,"k":[375,280,0]},"a":{"a":0,"k":[375,280,0]},"s":{"a":0,"k":[100,100,100]}},"ao":0,"ip":9,"op":10,"st":9,"bm":0,"sr":1},{"ddd":0,"ind":11,"ty":2,"nm":"zfdy0031.png","cl":"png","refId":"image_10","ks":{"o":{"a":1,"k":[{"i":{"x":[0.833],"y":[0.833]},"o":{"x":[0.167],"y":[0.167]},"n":["0p833_0p833_0p167_0p167"],"t":44,"s":[100],"e":[0]},{"t":48}]},"r":{"a":0,"k":0},"p":{"a":0,"k":[375,280,0]},"a":{"a":0,"k":[375,280,0]},"s":{"a":0,"k":[100,100,100]}},"ao":0,"ip":10,"op":11,"st":10,"bm":0,"sr":1},{"ddd":0,"ind":12,"ty":2,"nm":"zfdy0034.png","cl":"png","refId":"image_11","ks":{"o":{"a":1,"k":[{"i":{"x":[0.833],"y":[0.833]},"o":{"x":[0.167],"y":[0.167]},"n":["0p833_0p833_0p167_0p167"],"t":44,"s":[100],"e":[0]},{"t":48}]},"r":{"a":0,"k":0},"p":{"a":0,"k":[375,280,0]},"a":{"a":0,"k":[375,280,0]},"s":{"a":0,"k":[100,100,100]}},"ao":0,"ip":11,"op":12,"st":11,"bm":0,"sr":1},{"ddd":0,"ind":13,"ty":2,"nm":"zfdy0037.png","cl":"png","refId":"image_12","ks":{"o":{"a":1,"k":[{"i":{"x":[0.833],"y":[0.833]},"o":{"x":[0.167],"y":[0.167]},"n":["0p833_0p833_0p167_0p167"],"t":44,"s":[100],"e":[0]},{"t":48}]},"r":{"a":0,"k":0},"p":{"a":0,"k":[375,280,0]},"a":{"a":0,"k":[375,280,0]},"s":{"a":0,"k":[100,100,100]}},"ao":0,"ip":12,"op":13,"st":12,"bm":0,"sr":1},{"ddd":0,"ind":14,"ty":2,"nm":"zfdy0040.png","cl":"png","refId":"image_13","ks":{"o":{"a":1,"k":[{"i":{"x":[0.833],"y":[0.833]},"o":{"x":[0.167],"y":[0.167]},"n":["0p833_0p833_0p167_0p167"],"t":44,"s":[100],"e":[0]},{"t":48}]},"r":{"a":0,"k":0},"p":{"a":0,"k":[375,280,0]},"a":{"a":0,"k":[375,280,0]},"s":{"a":0,"k":[100,100,100]}},"ao":0,"ip":13,"op":14,"st":13,"bm":0,"sr":1},{"ddd":0,"ind":15,"ty":2,"nm":"zfdy0043.png","cl":"png","refId":"image_14","ks":{"o":{"a":1,"k":[{"i":{"x":[0.833],"y":[0.833]},"o":{"x":[0.167],"y":[0.167]},"n":["0p833_0p833_0p167_0p167"],"t":44,"s":[100],"e":[0]},{"t":48}]},"r":{"a":0,"k":0},"p":{"a":0,"k":[375,280,0]},"a":{"a":0,"k":[375,280,0]},"s":{"a":0,"k":[100,100,100]}},"ao":0,"ip":14,"op":15,"st":14,"bm":0,"sr":1},{"ddd":0,"ind":16,"ty":2,"nm":"zfdy0046.png","cl":"png","refId":"image_15","ks":{"o":{"a":1,"k":[{"i":{"x":[0.833],"y":[0.833]},"o":{"x":[0.167],"y":[0.167]},"n":["0p833_0p833_0p167_0p167"],"t":44,"s":[100],"e":[0]},{"t":48}]},"r":{"a":0,"k":0},"p":{"a":0,"k":[375,280,0]},"a":{"a":0,"k":[375,280,0]},"s":{"a":0,"k":[100,100,100]}},"ao":0,"ip":15,"op":16,"st":15,"bm":0,"sr":1},{"ddd":0,"ind":17,"ty":2,"nm":"zfdy0049.png","cl":"png","refId":"image_16","ks":{"o":{"a":1,"k":[{"i":{"x":[0.833],"y":[0.833]},"o":{"x":[0.167],"y":[0.167]},"n":["0p833_0p833_0p167_0p167"],"t":44,"s":[100],"e":[0]},{"t":48}]},"r":{"a":0,"k":0},"p":{"a":0,"k":[375,280,0]},"a":{"a":0,"k":[375,280,0]},"s":{"a":0,"k":[100,100,100]}},"ao":0,"ip":16,"op":17,"st":16,"bm":0,"sr":1},{"ddd":0,"ind":18,"ty":2,"nm":"zfdy0052.png","cl":"png","refId":"image_17","ks":{"o":{"a":1,"k":[{"i":{"x":[0.833],"y":[0.833]},"o":{"x":[0.167],"y":[0.167]},"n":["0p833_0p833_0p167_0p167"],"t":44,"s":[100],"e":[0]},{"t":48}]},"r":{"a":0,"k":0},"p":{"a":0,"k":[375,280,0]},"a":{"a":0,"k":[375,280,0]},"s":{"a":0,"k":[100,100,100]}},"ao":0,"ip":17,"op":18,"st":17,"bm":0,"sr":1},{"ddd":0,"ind":19,"ty":2,"nm":"zfdy0055.png","cl":"png","refId":"image_18","ks":{"o":{"a":1,"k":[{"i":{"x":[0.833],"y":[0.833]},"o":{"x":[0.167],"y":[0.167]},"n":["0p833_0p833_0p167_0p167"],"t":44,"s":[100],"e":[0]},{"t":48}]},"r":{"a":0,"k":0},"p":{"a":0,"k":[375,280,0]},"a":{"a":0,"k":[375,280,0]},"s":{"a":0,"k":[100,100,100]}},"ao":0,"ip":18,"op":19,"st":18,"bm":0,"sr":1},{"ddd":0,"ind":20,"ty":2,"nm":"zfdy0058.png","cl":"png","refId":"image_19","ks":{"o":{"a":1,"k":[{"i":{"x":[0.833],"y":[0.833]},"o":{"x":[0.167],"y":[0.167]},"n":["0p833_0p833_0p167_0p167"],"t":44,"s":[100],"e":[0]},{"t":48}]},"r":{"a":0,"k":0},"p":{"a":0,"k":[375,280,0]},"a":{"a":0,"k":[375,280,0]},"s":{"a":0,"k":[100,100,100]}},"ao":0,"ip":19,"op":20,"st":19,"bm":0,"sr":1},{"ddd":0,"ind":21,"ty":2,"nm":"zfdy0061.png","cl":"png","refId":"image_20","ks":{"o":{"a":1,"k":[{"i":{"x":[0.833],"y":[0.833]},"o":{"x":[0.167],"y":[0.167]},"n":["0p833_0p833_0p167_0p167"],"t":44,"s":[100],"e":[0]},{"t":48}]},"r":{"a":0,"k":0},"p":{"a":0,"k":[375,280,0]},"a":{"a":0,"k":[375,280,0]},"s":{"a":0,"k":[100,100,100]}},"ao":0,"ip":20,"op":21,"st":20,"bm":0,"sr":1},{"ddd":0,"ind":22,"ty":2,"nm":"zfdy0064.png","cl":"png","refId":"image_21","ks":{"o":{"a":1,"k":[{"i":{"x":[0.833],"y":[0.833]},"o":{"x":[0.167],"y":[0.167]},"n":["0p833_0p833_0p167_0p167"],"t":44,"s":[100],"e":[0]},{"t":48}]},"r":{"a":0,"k":0},"p":{"a":0,"k":[375,280,0]},"a":{"a":0,"k":[375,280,0]},"s":{"a":0,"k":[100,100,100]}},"ao":0,"ip":21,"op":22,"st":21,"bm":0,"sr":1},{"ddd":0,"ind":23,"ty":2,"nm":"zfdy0067.png","cl":"png","refId":"image_22","ks":{"o":{"a":1,"k":[{"i":{"x":[0.833],"y":[0.833]},"o":{"x":[0.167],"y":[0.167]},"n":["0p833_0p833_0p167_0p167"],"t":44,"s":[100],"e":[0]},{"t":48}]},"r":{"a":0,"k":0},"p":{"a":0,"k":[375,280,0]},"a":{"a":0,"k":[375,280,0]},"s":{"a":0,"k":[100,100,100]}},"ao":0,"ip":22,"op":23,"st":22,"bm":0,"sr":1},{"ddd":0,"ind":24,"ty":2,"nm":"zfdy0070.png","cl":"png","refId":"image_23","ks":{"o":{"a":1,"k":[{"i":{"x":[0.833],"y":[0.833]},"o":{"x":[0.167],"y":[0.167]},"n":["0p833_0p833_0p167_0p167"],"t":44,"s":[100],"e":[0]},{"t":48}]},"r":{"a":0,"k":0},"p":{"a":0,"k":[375,280,0]},"a":{"a":0,"k":[375,280,0]},"s":{"a":0,"k":[100,100,100]}},"ao":0,"ip":23,"op":24,"st":23,"bm":0,"sr":1},{"ddd":0,"ind":25,"ty":2,"nm":"zfdy0073.png","cl":"png","refId":"image_24","ks":{"o":{"a":1,"k":[{"i":{"x":[0.833],"y":[0.833]},"o":{"x":[0.167],"y":[0.167]},"n":["0p833_0p833_0p167_0p167"],"t":44,"s":[100],"e":[0]},{"t":48}]},"r":{"a":0,"k":0},"p":{"a":0,"k":[375,280,0]},"a":{"a":0,"k":[375,280,0]},"s":{"a":0,"k":[100,100,100]}},"ao":0,"ip":24,"op":25,"st":24,"bm":0,"sr":1},{"ddd":0,"ind":26,"ty":2,"nm":"zfdy0076.png","cl":"png","refId":"image_25","ks":{"o":{"a":1,"k":[{"i":{"x":[0.833],"y":[0.833]},"o":{"x":[0.167],"y":[0.167]},"n":["0p833_0p833_0p167_0p167"],"t":44,"s":[100],"e":[0]},{"t":48}]},"r":{"a":0,"k":0},"p":{"a":0,"k":[375,280,0]},"a":{"a":0,"k":[375,280,0]},"s":{"a":0,"k":[100,100,100]}},"ao":0,"ip":25,"op":26,"st":25,"bm":0,"sr":1},{"ddd":0,"ind":27,"ty":2,"nm":"zfdy0079.png","cl":"png","refId":"image_26","ks":{"o":{"a":1,"k":[{"i":{"x":[0.833],"y":[0.833]},"o":{"x":[0.167],"y":[0.167]},"n":["0p833_0p833_0p167_0p167"],"t":44,"s":[100],"e":[0]},{"t":48}]},"r":{"a":0,"k":0},"p":{"a":0,"k":[375,280,0]},"a":{"a":0,"k":[375,280,0]},"s":{"a":0,"k":[100,100,100]}},"ao":0,"ip":26,"op":27,"st":26,"bm":0,"sr":1},{"ddd":0,"ind":28,"ty":2,"nm":"zfdy0082.png","cl":"png","refId":"image_27","ks":{"o":{"a":1,"k":[{"i":{"x":[0.833],"y":[0.833]},"o":{"x":[0.167],"y":[0.167]},"n":["0p833_0p833_0p167_0p167"],"t":44,"s":[100],"e":[0]},{"t":48}]},"r":{"a":0,"k":0},"p":{"a":0,"k":[375,280,0]},"a":{"a":0,"k":[375,280,0]},"s":{"a":0,"k":[100,100,100]}},"ao":0,"ip":27,"op":28,"st":27,"bm":0,"sr":1},{"ddd":0,"ind":29,"ty":2,"nm":"zfdy0085.png","cl":"png","refId":"image_28","ks":{"o":{"a":1,"k":[{"i":{"x":[0.833],"y":[0.833]},"o":{"x":[0.167],"y":[0.167]},"n":["0p833_0p833_0p167_0p167"],"t":44,"s":[100],"e":[0]},{"t":48}]},"r":{"a":0,"k":0},"p":{"a":0,"k":[375,280,0]},"a":{"a":0,"k":[375,280,0]},"s":{"a":0,"k":[100,100,100]}},"ao":0,"ip":28,"op":29,"st":28,"bm":0,"sr":1},{"ddd":0,"ind":30,"ty":2,"nm":"zfdy0088.png","cl":"png","refId":"image_29","ks":{"o":{"a":1,"k":[{"i":{"x":[0.833],"y":[0.833]},"o":{"x":[0.167],"y":[0.167]},"n":["0p833_0p833_0p167_0p167"],"t":44,"s":[100],"e":[0]},{"t":48}]},"r":{"a":0,"k":0},"p":{"a":0,"k":[375,280,0]},"a":{"a":0,"k":[375,280,0]},"s":{"a":0,"k":[100,100,100]}},"ao":0,"ip":29,"op":30,"st":29,"bm":0,"sr":1},{"ddd":0,"ind":31,"ty":2,"nm":"zfdy0091.png","cl":"png","refId":"image_30","ks":{"o":{"a":1,"k":[{"i":{"x":[0.833],"y":[0.833]},"o":{"x":[0.167],"y":[0.167]},"n":["0p833_0p833_0p167_0p167"],"t":44,"s":[100],"e":[0]},{"t":48}]},"r":{"a":0,"k":0},"p":{"a":0,"k":[375,280,0]},"a":{"a":0,"k":[375,280,0]},"s":{"a":0,"k":[100,100,100]}},"ao":0,"ip":30,"op":31,"st":30,"bm":0,"sr":1},{"ddd":0,"ind":32,"ty":2,"nm":"zfdy0094.png","cl":"png","refId":"image_31","ks":{"o":{"a":1,"k":[{"i":{"x":[0.833],"y":[0.833]},"o":{"x":[0.167],"y":[0.167]},"n":["0p833_0p833_0p167_0p167"],"t":44,"s":[100],"e":[0]},{"t":48}]},"r":{"a":0,"k":0},"p":{"a":0,"k":[375,280,0]},"a":{"a":0,"k":[375,280,0]},"s":{"a":0,"k":[100,100,100]}},"ao":0,"ip":31,"op":32,"st":31,"bm":0,"sr":1},{"ddd":0,"ind":33,"ty":2,"nm":"zfdy0097.png","cl":"png","refId":"image_32","ks":{"o":{"a":1,"k":[{"i":{"x":[0.833],"y":[0.833]},"o":{"x":[0.167],"y":[0.167]},"n":["0p833_0p833_0p167_0p167"],"t":44,"s":[100],"e":[0]},{"t":48}]},"r":{"a":0,"k":0},"p":{"a":0,"k":[375,280,0]},"a":{"a":0,"k":[375,280,0]},"s":{"a":0,"k":[100,100,100]}},"ao":0,"ip":32,"op":33,"st":32,"bm":0,"sr":1},{"ddd":0,"ind":34,"ty":2,"nm":"zfdy0100.png","cl":"png","refId":"image_33","ks":{"o":{"a":1,"k":[{"i":{"x":[0.833],"y":[0.833]},"o":{"x":[0.167],"y":[0.167]},"n":["0p833_0p833_0p167_0p167"],"t":44,"s":[100],"e":[0]},{"t":48}]},"r":{"a":0,"k":0},"p":{"a":0,"k":[375,280,0]},"a":{"a":0,"k":[375,280,0]},"s":{"a":0,"k":[100,100,100]}},"ao":0,"ip":33,"op":34,"st":33,"bm":0,"sr":1},{"ddd":0,"ind":35,"ty":2,"nm":"zfdy0103.png","cl":"png","refId":"image_34","ks":{"o":{"a":1,"k":[{"i":{"x":[0.833],"y":[0.833]},"o":{"x":[0.167],"y":[0.167]},"n":["0p833_0p833_0p167_0p167"],"t":44,"s":[100],"e":[0]},{"t":48}]},"r":{"a":0,"k":0},"p":{"a":0,"k":[375,280,0]},"a":{"a":0,"k":[375,280,0]},"s":{"a":0,"k":[100,100,100]}},"ao":0,"ip":34,"op":35,"st":34,"bm":0,"sr":1},{"ddd":0,"ind":36,"ty":2,"nm":"zfdy0106.png","cl":"png","refId":"image_35","ks":{"o":{"a":1,"k":[{"i":{"x":[0.833],"y":[0.833]},"o":{"x":[0.167],"y":[0.167]},"n":["0p833_0p833_0p167_0p167"],"t":44,"s":[100],"e":[0]},{"t":48}]},"r":{"a":0,"k":0},"p":{"a":0,"k":[375,280,0]},"a":{"a":0,"k":[375,280,0]},"s":{"a":0,"k":[100,100,100]}},"ao":0,"ip":35,"op":36,"st":35,"bm":0,"sr":1},{"ddd":0,"ind":37,"ty":2,"nm":"zfdy0109.png","cl":"png","refId":"image_36","ks":{"o":{"a":1,"k":[{"i":{"x":[0.833],"y":[0.833]},"o":{"x":[0.167],"y":[0.167]},"n":["0p833_0p833_0p167_0p167"],"t":44,"s":[100],"e":[0]},{"t":48}]},"r":{"a":0,"k":0},"p":{"a":0,"k":[375,280,0]},"a":{"a":0,"k":[375,280,0]},"s":{"a":0,"k":[100,100,100]}},"ao":0,"ip":36,"op":37,"st":36,"bm":0,"sr":1},{"ddd":0,"ind":38,"ty":2,"nm":"zfdy0112.png","cl":"png","refId":"image_37","ks":{"o":{"a":1,"k":[{"i":{"x":[0.833],"y":[0.833]},"o":{"x":[0.167],"y":[0.167]},"n":["0p833_0p833_0p167_0p167"],"t":44,"s":[100],"e":[0]},{"t":48}]},"r":{"a":0,"k":0},"p":{"a":0,"k":[375,280,0]},"a":{"a":0,"k":[375,280,0]},"s":{"a":0,"k":[100,100,100]}},"ao":0,"ip":37,"op":38,"st":37,"bm":0,"sr":1},{"ddd":0,"ind":39,"ty":2,"nm":"zfdy0115.png","cl":"png","refId":"image_38","ks":{"o":{"a":1,"k":[{"i":{"x":[0.833],"y":[0.833]},"o":{"x":[0.167],"y":[0.167]},"n":["0p833_0p833_0p167_0p167"],"t":44,"s":[100],"e":[0]},{"t":48}]},"r":{"a":0,"k":0},"p":{"a":0,"k":[375,280,0]},"a":{"a":0,"k":[375,280,0]},"s":{"a":0,"k":[100,100,100]}},"ao":0,"ip":38,"op":39,"st":38,"bm":0,"sr":1},{"ddd":0,"ind":40,"ty":2,"nm":"zfdy0118.png","cl":"png","refId":"image_39","ks":{"o":{"a":1,"k":[{"i":{"x":[0.833],"y":[0.833]},"o":{"x":[0.167],"y":[0.167]},"n":["0p833_0p833_0p167_0p167"],"t":44,"s":[100],"e":[0]},{"t":48}]},"r":{"a":0,"k":0},"p":{"a":0,"k":[375,280,0]},"a":{"a":0,"k":[375,280,0]},"s":{"a":0,"k":[100,100,100]}},"ao":0,"ip":39,"op":40,"st":39,"bm":0,"sr":1},{"ddd":0,"ind":41,"ty":2,"nm":"zfdy0121.png","cl":"png","refId":"image_40","ks":{"o":{"a":1,"k":[{"i":{"x":[0.833],"y":[0.833]},"o":{"x":[0.167],"y":[0.167]},"n":["0p833_0p833_0p167_0p167"],"t":44,"s":[100],"e":[0]},{"t":48}]},"r":{"a":0,"k":0},"p":{"a":0,"k":[375,280,0]},"a":{"a":0,"k":[375,280,0]},"s":{"a":0,"k":[100,100,100]}},"ao":0,"ip":40,"op":41,"st":40,"bm":0,"sr":1},{"ddd":0,"ind":42,"ty":2,"nm":"zfdy0124.png","cl":"png","refId":"image_41","ks":{"o":{"a":1,"k":[{"i":{"x":[0.833],"y":[0.833]},"o":{"x":[0.167],"y":[0.167]},"n":["0p833_0p833_0p167_0p167"],"t":44,"s":[100],"e":[0]},{"t":48}]},"r":{"a":0,"k":0},"p":{"a":0,"k":[375,280,0]},"a":{"a":0,"k":[375,280,0]},"s":{"a":0,"k":[100,100,100]}},"ao":0,"ip":41,"op":42,"st":41,"bm":0,"sr":1},{"ddd":0,"ind":43,"ty":2,"nm":"zfdy0127.png","cl":"png","refId":"image_42","ks":{"o":{"a":1,"k":[{"i":{"x":[0.833],"y":[0.833]},"o":{"x":[0.167],"y":[0.167]},"n":["0p833_0p833_0p167_0p167"],"t":44,"s":[100],"e":[0]},{"t":48}]},"r":{"a":0,"k":0},"p":{"a":0,"k":[375,280,0]},"a":{"a":0,"k":[375,280,0]},"s":{"a":0,"k":[100,100,100]}},"ao":0,"ip":42,"op":43,"st":42,"bm":0,"sr":1},{"ddd":0,"ind":44,"ty":2,"nm":"zfdy0130.png","cl":"png","refId":"image_43","ks":{"o":{"a":1,"k":[{"i":{"x":[0.833],"y":[0.833]},"o":{"x":[0.167],"y":[0.167]},"n":["0p833_0p833_0p167_0p167"],"t":44,"s":[100],"e":[0]},{"t":48}]},"r":{"a":0,"k":0},"p":{"a":0,"k":[375,280,0]},"a":{"a":0,"k":[375,280,0]},"s":{"a":0,"k":[100,100,100]}},"ao":0,"ip":43,"op":44,"st":43,"bm":0,"sr":1},{"ddd":0,"ind":45,"ty":2,"nm":"zfdy0133.png","cl":"png","refId":"image_44","ks":{"o":{"a":1,"k":[{"i":{"x":[0.833],"y":[0.833]},"o":{"x":[0.167],"y":[0.167]},"n":["0p833_0p833_0p167_0p167"],"t":44,"s":[100],"e":[0]},{"t":48}]},"r":{"a":0,"k":0},"p":{"a":0,"k":[375,280,0]},"a":{"a":0,"k":[375,280,0]},"s":{"a":0,"k":[100,100,100]}},"ao":0,"ip":44,"op":45,"st":44,"bm":0,"sr":1},{"ddd":0,"ind":46,"ty":2,"nm":"zfdy0136.png","cl":"png","refId":"image_45","ks":{"o":{"a":1,"k":[{"i":{"x":[0.833],"y":[0.833]},"o":{"x":[0.167],"y":[0.167]},"n":["0p833_0p833_0p167_0p167"],"t":44,"s":[100],"e":[0]},{"t":48}]},"r":{"a":0,"k":0},"p":{"a":0,"k":[375,280,0]},"a":{"a":0,"k":[375,280,0]},"s":{"a":0,"k":[100,100,100]}},"ao":0,"ip":45,"op":46,"st":45,"bm":0,"sr":1},{"ddd":0,"ind":47,"ty":2,"nm":"zfdy0139.png","cl":"png","refId":"image_46","ks":{"o":{"a":1,"k":[{"i":{"x":[0.833],"y":[0.833]},"o":{"x":[0.167],"y":[0.167]},"n":["0p833_0p833_0p167_0p167"],"t":44,"s":[100],"e":[0]},{"t":48}]},"r":{"a":0,"k":0},"p":{"a":0,"k":[375,280,0]},"a":{"a":0,"k":[375,280,0]},"s":{"a":0,"k":[100,100,100]}},"ao":0,"ip":46,"op":47,"st":46,"bm":0,"sr":1},{"ddd":0,"ind":48,"ty":2,"nm":"zfdy0142.png","cl":"png","refId":"image_47","ks":{"o":{"a":1,"k":[{"i":{"x":[0.833],"y":[0.833]},"o":{"x":[0.167],"y":[0.167]},"n":["0p833_0p833_0p167_0p167"],"t":44,"s":[100],"e":[0]},{"t":48}]},"r":{"a":0,"k":0},"p":{"a":0,"k":[375,280,0]},"a":{"a":0,"k":[375,280,0]},"s":{"a":0,"k":[100,100,100]}},"ao":0,"ip":47,"op":48,"st":47,"bm":0,"sr":1},{"ddd":0,"ind":49,"ty":2,"nm":"zfdy0145.png","cl":"png","refId":"image_48","ks":{"o":{"a":1,"k":[{"i":{"x":[0.833],"y":[0.833]},"o":{"x":[0.167],"y":[0.167]},"n":["0p833_0p833_0p167_0p167"],"t":44,"s":[100],"e":[0]},{"t":48}]},"r":{"a":0,"k":0},"p":{"a":0,"k":[375,280,0]},"a":{"a":0,"k":[375,280,0]},"s":{"a":0,"k":[100,100,100]}},"ao":0,"ip":48,"op":49,"st":48,"bm":0,"sr":1}]}