﻿{"v":"4.7.0","fr":9,"ip":0,"op":81,"w":360,"h":640,"nm":"dlw_I_shy_s","ddd":0,"assets":[{"id":"image_0","w":360,"h":640,"u":"images/","p":"giftBig_animation_shyl_ios_s_0.png"},{"id":"image_1","w":360,"h":640,"u":"images/","p":"giftBig_animation_shyl_ios_s_1.png"},{"id":"image_2","w":360,"h":640,"u":"images/","p":"giftBig_animation_shyl_ios_s_2.png"},{"id":"image_3","w":360,"h":640,"u":"images/","p":"giftBig_animation_shyl_ios_s_3.png"},{"id":"image_4","w":360,"h":640,"u":"images/","p":"giftBig_animation_shyl_ios_s_4.png"},{"id":"image_5","w":360,"h":640,"u":"images/","p":"giftBig_animation_shyl_ios_s_5.png"},{"id":"image_6","w":360,"h":640,"u":"images/","p":"giftBig_animation_shyl_ios_s_6.png"},{"id":"image_7","w":360,"h":640,"u":"images/","p":"giftBig_animation_shyl_ios_s_7.png"},{"id":"image_8","w":360,"h":640,"u":"images/","p":"giftBig_animation_shyl_ios_s_8.png"},{"id":"image_9","w":360,"h":640,"u":"images/","p":"giftBig_animation_shyl_ios_s_9.png"},{"id":"image_10","w":360,"h":640,"u":"images/","p":"giftBig_animation_shyl_ios_s_10.png"},{"id":"image_11","w":360,"h":640,"u":"images/","p":"giftBig_animation_shyl_ios_s_11.png"},{"id":"image_12","w":360,"h":640,"u":"images/","p":"giftBig_animation_shyl_ios_s_12.png"},{"id":"image_13","w":360,"h":640,"u":"images/","p":"giftBig_animation_shyl_ios_s_13.png"},{"id":"image_14","w":360,"h":640,"u":"images/","p":"giftBig_animation_shyl_ios_s_14.png"},{"id":"image_15","w":360,"h":640,"u":"images/","p":"giftBig_animation_shyl_ios_s_15.png"},{"id":"image_16","w":360,"h":640,"u":"images/","p":"giftBig_animation_shyl_ios_s_16.png"},{"id":"image_17","w":360,"h":640,"u":"images/","p":"giftBig_animation_shyl_ios_s_17.png"},{"id":"image_18","w":360,"h":640,"u":"images/","p":"giftBig_animation_shyl_ios_s_18.png"},{"id":"image_19","w":360,"h":640,"u":"images/","p":"giftBig_animation_shyl_ios_s_19.png"},{"id":"image_20","w":360,"h":640,"u":"images/","p":"giftBig_animation_shyl_ios_s_20.png"},{"id":"image_21","w":360,"h":640,"u":"images/","p":"giftBig_animation_shyl_ios_s_21.png"},{"id":"image_22","w":360,"h":640,"u":"images/","p":"giftBig_animation_shyl_ios_s_22.png"},{"id":"image_23","w":360,"h":640,"u":"images/","p":"giftBig_animation_shyl_ios_s_23.png"},{"id":"image_24","w":360,"h":640,"u":"images/","p":"giftBig_animation_shyl_ios_s_24.png"},{"id":"image_25","w":360,"h":640,"u":"images/","p":"giftBig_animation_shyl_ios_s_25.png"},{"id":"image_26","w":360,"h":640,"u":"images/","p":"giftBig_animation_shyl_ios_s_26.png"},{"id":"image_27","w":360,"h":640,"u":"images/","p":"giftBig_animation_shyl_ios_s_27.png"},{"id":"image_28","w":360,"h":640,"u":"images/","p":"giftBig_animation_shyl_ios_s_28.png"},{"id":"image_29","w":360,"h":640,"u":"images/","p":"giftBig_animation_shyl_ios_s_29.png"},{"id":"image_30","w":360,"h":640,"u":"images/","p":"giftBig_animation_shyl_ios_s_30.png"},{"id":"image_31","w":360,"h":640,"u":"images/","p":"giftBig_animation_shyl_ios_s_31.png"},{"id":"image_32","w":360,"h":640,"u":"images/","p":"giftBig_animation_shyl_ios_s_32.png"},{"id":"image_33","w":360,"h":640,"u":"images/","p":"giftBig_animation_shyl_ios_s_33.png"},{"id":"image_34","w":360,"h":640,"u":"images/","p":"giftBig_animation_shyl_ios_s_34.png"},{"id":"image_35","w":360,"h":640,"u":"images/","p":"giftBig_animation_shyl_ios_s_35.png"},{"id":"image_36","w":360,"h":640,"u":"images/","p":"giftBig_animation_shyl_ios_s_36.png"},{"id":"image_37","w":360,"h":640,"u":"images/","p":"giftBig_animation_shyl_ios_s_37.png"},{"id":"image_38","w":360,"h":640,"u":"images/","p":"giftBig_animation_shyl_ios_s_38.png"},{"id":"image_39","w":360,"h":640,"u":"images/","p":"giftBig_animation_shyl_ios_s_39.png"},{"id":"image_40","w":360,"h":640,"u":"images/","p":"giftBig_animation_shyl_ios_s_40.png"},{"id":"image_41","w":360,"h":640,"u":"images/","p":"giftBig_animation_shyl_ios_s_41.png"},{"id":"image_42","w":360,"h":640,"u":"images/","p":"giftBig_animation_shyl_ios_s_42.png"},{"id":"image_43","w":360,"h":640,"u":"images/","p":"giftBig_animation_shyl_ios_s_43.png"},{"id":"image_44","w":360,"h":640,"u":"images/","p":"giftBig_animation_shyl_ios_s_44.png"},{"id":"image_45","w":360,"h":640,"u":"images/","p":"giftBig_animation_shyl_ios_s_45.png"},{"id":"image_46","w":360,"h":640,"u":"images/","p":"giftBig_animation_shyl_ios_s_46.png"},{"id":"image_47","w":360,"h":640,"u":"images/","p":"giftBig_animation_shyl_ios_s_47.png"},{"id":"image_48","w":360,"h":640,"u":"images/","p":"giftBig_animation_shyl_ios_s_48.png"},{"id":"image_49","w":360,"h":640,"u":"images/","p":"giftBig_animation_shyl_ios_s_49.png"},{"id":"image_50","w":360,"h":640,"u":"images/","p":"giftBig_animation_shyl_ios_s_50.png"},{"id":"image_51","w":360,"h":640,"u":"images/","p":"giftBig_animation_shyl_ios_s_51.png"},{"id":"image_52","w":360,"h":640,"u":"images/","p":"giftBig_animation_shyl_ios_s_52.png"},{"id":"image_53","w":360,"h":640,"u":"images/","p":"giftBig_animation_shyl_ios_s_53.png"},{"id":"image_54","w":360,"h":640,"u":"images/","p":"giftBig_animation_shyl_ios_s_54.png"},{"id":"image_55","w":360,"h":640,"u":"images/","p":"giftBig_animation_shyl_ios_s_55.png"},{"id":"image_56","w":360,"h":640,"u":"images/","p":"giftBig_animation_shyl_ios_s_56.png"},{"id":"image_57","w":360,"h":640,"u":"images/","p":"giftBig_animation_shyl_ios_s_57.png"},{"id":"image_58","w":360,"h":640,"u":"images/","p":"giftBig_animation_shyl_ios_s_58.png"},{"id":"image_59","w":360,"h":640,"u":"images/","p":"giftBig_animation_shyl_ios_s_59.png"},{"id":"image_60","w":360,"h":640,"u":"images/","p":"giftBig_animation_shyl_ios_s_60.png"},{"id":"image_61","w":360,"h":640,"u":"images/","p":"giftBig_animation_shyl_ios_s_61.png"},{"id":"image_62","w":360,"h":640,"u":"images/","p":"giftBig_animation_shyl_ios_s_62.png"},{"id":"image_63","w":360,"h":640,"u":"images/","p":"giftBig_animation_shyl_ios_s_63.png"},{"id":"image_64","w":360,"h":640,"u":"images/","p":"giftBig_animation_shyl_ios_s_64.png"},{"id":"image_65","w":360,"h":640,"u":"images/","p":"giftBig_animation_shyl_ios_s_65.png"},{"id":"image_66","w":360,"h":640,"u":"images/","p":"giftBig_animation_shyl_ios_s_66.png"},{"id":"image_67","w":360,"h":640,"u":"images/","p":"giftBig_animation_shyl_ios_s_67.png"},{"id":"image_68","w":360,"h":640,"u":"images/","p":"giftBig_animation_shyl_ios_s_68.png"},{"id":"image_69","w":360,"h":640,"u":"images/","p":"giftBig_animation_shyl_ios_s_69.png"},{"id":"image_70","w":360,"h":640,"u":"images/","p":"giftBig_animation_shyl_ios_s_70.png"},{"id":"image_71","w":360,"h":640,"u":"images/","p":"giftBig_animation_shyl_ios_s_71.png"},{"id":"image_72","w":360,"h":640,"u":"images/","p":"giftBig_animation_shyl_ios_s_72.png"},{"id":"image_73","w":360,"h":640,"u":"images/","p":"giftBig_animation_shyl_ios_s_73.png"},{"id":"image_74","w":360,"h":640,"u":"images/","p":"giftBig_animation_shyl_ios_s_74.png"},{"id":"image_75","w":360,"h":640,"u":"images/","p":"giftBig_animation_shyl_ios_s_75.png"},{"id":"image_76","w":360,"h":640,"u":"images/","p":"giftBig_animation_shyl_ios_s_76.png"},{"id":"image_77","w":360,"h":640,"u":"images/","p":"giftBig_animation_shyl_ios_s_77.png"},{"id":"image_78","w":360,"h":640,"u":"images/","p":"giftBig_animation_shyl_ios_s_78.png"},{"id":"image_79","w":360,"h":640,"u":"images/","p":"giftBig_animation_shyl_ios_s_79.png"},{"id":"image_80","w":360,"h":640,"u":"images/","p":"giftBig_animation_shyl_ios_s_80.png"}],"layers":[{"ddd":0,"ind":1,"ty":2,"nm":"北京四合院_竖屏_00000.png","cl":"png","refId":"image_0","ks":{"o":{"a":0,"k":100},"r":{"a":0,"k":0},"p":{"a":0,"k":[180,320,0]},"a":{"a":0,"k":[180,320,0]},"s":{"a":0,"k":[100,100,100]}},"ao":0,"ip":0,"op":1,"st":0,"bm":0,"sr":1},{"ddd":0,"ind":2,"ty":2,"nm":"北京四合院_竖屏_00001.png","cl":"png","refId":"image_1","ks":{"o":{"a":0,"k":100},"r":{"a":0,"k":0},"p":{"a":0,"k":[180,320,0]},"a":{"a":0,"k":[180,320,0]},"s":{"a":0,"k":[100,100,100]}},"ao":0,"ip":1,"op":2,"st":1,"bm":0,"sr":1},{"ddd":0,"ind":3,"ty":2,"nm":"北京四合院_竖屏_00002.png","cl":"png","refId":"image_2","ks":{"o":{"a":0,"k":100},"r":{"a":0,"k":0},"p":{"a":0,"k":[180,320,0]},"a":{"a":0,"k":[180,320,0]},"s":{"a":0,"k":[100,100,100]}},"ao":0,"ip":2,"op":3,"st":2,"bm":0,"sr":1},{"ddd":0,"ind":4,"ty":2,"nm":"北京四合院_竖屏_00003.png","cl":"png","refId":"image_3","ks":{"o":{"a":0,"k":100},"r":{"a":0,"k":0},"p":{"a":0,"k":[180,320,0]},"a":{"a":0,"k":[180,320,0]},"s":{"a":0,"k":[100,100,100]}},"ao":0,"ip":3,"op":4,"st":3,"bm":0,"sr":1},{"ddd":0,"ind":5,"ty":2,"nm":"北京四合院_竖屏_00004.png","cl":"png","refId":"image_4","ks":{"o":{"a":0,"k":100},"r":{"a":0,"k":0},"p":{"a":0,"k":[180,320,0]},"a":{"a":0,"k":[180,320,0]},"s":{"a":0,"k":[100,100,100]}},"ao":0,"ip":4,"op":5,"st":4,"bm":0,"sr":1},{"ddd":0,"ind":6,"ty":2,"nm":"北京四合院_竖屏_00005.png","cl":"png","refId":"image_5","ks":{"o":{"a":0,"k":100},"r":{"a":0,"k":0},"p":{"a":0,"k":[180,320,0]},"a":{"a":0,"k":[180,320,0]},"s":{"a":0,"k":[100,100,100]}},"ao":0,"ip":5,"op":6,"st":5,"bm":0,"sr":1},{"ddd":0,"ind":7,"ty":2,"nm":"北京四合院_竖屏_00006.png","cl":"png","refId":"image_6","ks":{"o":{"a":0,"k":100},"r":{"a":0,"k":0},"p":{"a":0,"k":[180,320,0]},"a":{"a":0,"k":[180,320,0]},"s":{"a":0,"k":[100,100,100]}},"ao":0,"ip":6,"op":7,"st":6,"bm":0,"sr":1},{"ddd":0,"ind":8,"ty":2,"nm":"北京四合院_竖屏_00007.png","cl":"png","refId":"image_7","ks":{"o":{"a":0,"k":100},"r":{"a":0,"k":0},"p":{"a":0,"k":[180,320,0]},"a":{"a":0,"k":[180,320,0]},"s":{"a":0,"k":[100,100,100]}},"ao":0,"ip":7,"op":8,"st":7,"bm":0,"sr":1},{"ddd":0,"ind":9,"ty":2,"nm":"北京四合院_竖屏_00008.png","cl":"png","refId":"image_8","ks":{"o":{"a":0,"k":100},"r":{"a":0,"k":0},"p":{"a":0,"k":[180,320,0]},"a":{"a":0,"k":[180,320,0]},"s":{"a":0,"k":[100,100,100]}},"ao":0,"ip":8,"op":9,"st":8,"bm":0,"sr":1},{"ddd":0,"ind":10,"ty":2,"nm":"北京四合院_竖屏_00009.png","cl":"png","refId":"image_9","ks":{"o":{"a":0,"k":100},"r":{"a":0,"k":0},"p":{"a":0,"k":[180,320,0]},"a":{"a":0,"k":[180,320,0]},"s":{"a":0,"k":[100,100,100]}},"ao":0,"ip":9,"op":10,"st":9,"bm":0,"sr":1},{"ddd":0,"ind":11,"ty":2,"nm":"北京四合院_竖屏_00010.png","cl":"png","refId":"image_10","ks":{"o":{"a":0,"k":100},"r":{"a":0,"k":0},"p":{"a":0,"k":[180,320,0]},"a":{"a":0,"k":[180,320,0]},"s":{"a":0,"k":[100,100,100]}},"ao":0,"ip":10,"op":11,"st":10,"bm":0,"sr":1},{"ddd":0,"ind":12,"ty":2,"nm":"北京四合院_竖屏_00011.png","cl":"png","refId":"image_11","ks":{"o":{"a":0,"k":100},"r":{"a":0,"k":0},"p":{"a":0,"k":[180,320,0]},"a":{"a":0,"k":[180,320,0]},"s":{"a":0,"k":[100,100,100]}},"ao":0,"ip":11,"op":12,"st":11,"bm":0,"sr":1},{"ddd":0,"ind":13,"ty":2,"nm":"北京四合院_竖屏_00012.png","cl":"png","refId":"image_12","ks":{"o":{"a":0,"k":100},"r":{"a":0,"k":0},"p":{"a":0,"k":[180,320,0]},"a":{"a":0,"k":[180,320,0]},"s":{"a":0,"k":[100,100,100]}},"ao":0,"ip":12,"op":13,"st":12,"bm":0,"sr":1},{"ddd":0,"ind":14,"ty":2,"nm":"北京四合院_竖屏_00013.png","cl":"png","refId":"image_13","ks":{"o":{"a":0,"k":100},"r":{"a":0,"k":0},"p":{"a":0,"k":[180,320,0]},"a":{"a":0,"k":[180,320,0]},"s":{"a":0,"k":[100,100,100]}},"ao":0,"ip":13,"op":14,"st":13,"bm":0,"sr":1},{"ddd":0,"ind":15,"ty":2,"nm":"北京四合院_竖屏_00014.png","cl":"png","refId":"image_14","ks":{"o":{"a":0,"k":100},"r":{"a":0,"k":0},"p":{"a":0,"k":[180,320,0]},"a":{"a":0,"k":[180,320,0]},"s":{"a":0,"k":[100,100,100]}},"ao":0,"ip":14,"op":15,"st":14,"bm":0,"sr":1},{"ddd":0,"ind":16,"ty":2,"nm":"北京四合院_竖屏_00015.png","cl":"png","refId":"image_15","ks":{"o":{"a":0,"k":100},"r":{"a":0,"k":0},"p":{"a":0,"k":[180,320,0]},"a":{"a":0,"k":[180,320,0]},"s":{"a":0,"k":[100,100,100]}},"ao":0,"ip":15,"op":16,"st":15,"bm":0,"sr":1},{"ddd":0,"ind":17,"ty":2,"nm":"北京四合院_竖屏_00016.png","cl":"png","refId":"image_16","ks":{"o":{"a":0,"k":100},"r":{"a":0,"k":0},"p":{"a":0,"k":[180,320,0]},"a":{"a":0,"k":[180,320,0]},"s":{"a":0,"k":[100,100,100]}},"ao":0,"ip":16,"op":17,"st":16,"bm":0,"sr":1},{"ddd":0,"ind":18,"ty":2,"nm":"北京四合院_竖屏_00017.png","cl":"png","refId":"image_17","ks":{"o":{"a":0,"k":100},"r":{"a":0,"k":0},"p":{"a":0,"k":[180,320,0]},"a":{"a":0,"k":[180,320,0]},"s":{"a":0,"k":[100,100,100]}},"ao":0,"ip":17,"op":18,"st":17,"bm":0,"sr":1},{"ddd":0,"ind":19,"ty":2,"nm":"北京四合院_竖屏_00018.png","cl":"png","refId":"image_18","ks":{"o":{"a":0,"k":100},"r":{"a":0,"k":0},"p":{"a":0,"k":[180,320,0]},"a":{"a":0,"k":[180,320,0]},"s":{"a":0,"k":[100,100,100]}},"ao":0,"ip":18,"op":19,"st":18,"bm":0,"sr":1},{"ddd":0,"ind":20,"ty":2,"nm":"北京四合院_竖屏_00019.png","cl":"png","refId":"image_19","ks":{"o":{"a":0,"k":100},"r":{"a":0,"k":0},"p":{"a":0,"k":[180,320,0]},"a":{"a":0,"k":[180,320,0]},"s":{"a":0,"k":[100,100,100]}},"ao":0,"ip":19,"op":20,"st":19,"bm":0,"sr":1},{"ddd":0,"ind":21,"ty":2,"nm":"北京四合院_竖屏_00020.png","cl":"png","refId":"image_20","ks":{"o":{"a":0,"k":100},"r":{"a":0,"k":0},"p":{"a":0,"k":[180,320,0]},"a":{"a":0,"k":[180,320,0]},"s":{"a":0,"k":[100,100,100]}},"ao":0,"ip":20,"op":21,"st":20,"bm":0,"sr":1},{"ddd":0,"ind":22,"ty":2,"nm":"北京四合院_竖屏_00021.png","cl":"png","refId":"image_21","ks":{"o":{"a":0,"k":100},"r":{"a":0,"k":0},"p":{"a":0,"k":[180,320,0]},"a":{"a":0,"k":[180,320,0]},"s":{"a":0,"k":[100,100,100]}},"ao":0,"ip":21,"op":22,"st":21,"bm":0,"sr":1},{"ddd":0,"ind":23,"ty":2,"nm":"北京四合院_竖屏_00022.png","cl":"png","refId":"image_22","ks":{"o":{"a":0,"k":100},"r":{"a":0,"k":0},"p":{"a":0,"k":[180,320,0]},"a":{"a":0,"k":[180,320,0]},"s":{"a":0,"k":[100,100,100]}},"ao":0,"ip":22,"op":23,"st":22,"bm":0,"sr":1},{"ddd":0,"ind":24,"ty":2,"nm":"北京四合院_竖屏_00023.png","cl":"png","refId":"image_23","ks":{"o":{"a":0,"k":100},"r":{"a":0,"k":0},"p":{"a":0,"k":[180,320,0]},"a":{"a":0,"k":[180,320,0]},"s":{"a":0,"k":[100,100,100]}},"ao":0,"ip":23,"op":24,"st":23,"bm":0,"sr":1},{"ddd":0,"ind":25,"ty":2,"nm":"北京四合院_竖屏_00024.png","cl":"png","refId":"image_24","ks":{"o":{"a":0,"k":100},"r":{"a":0,"k":0},"p":{"a":0,"k":[180,320,0]},"a":{"a":0,"k":[180,320,0]},"s":{"a":0,"k":[100,100,100]}},"ao":0,"ip":24,"op":25,"st":24,"bm":0,"sr":1},{"ddd":0,"ind":26,"ty":2,"nm":"北京四合院_竖屏_00025.png","cl":"png","refId":"image_25","ks":{"o":{"a":0,"k":100},"r":{"a":0,"k":0},"p":{"a":0,"k":[180,320,0]},"a":{"a":0,"k":[180,320,0]},"s":{"a":0,"k":[100,100,100]}},"ao":0,"ip":25,"op":26,"st":25,"bm":0,"sr":1},{"ddd":0,"ind":27,"ty":2,"nm":"北京四合院_竖屏_00026.png","cl":"png","refId":"image_26","ks":{"o":{"a":0,"k":100},"r":{"a":0,"k":0},"p":{"a":0,"k":[180,320,0]},"a":{"a":0,"k":[180,320,0]},"s":{"a":0,"k":[100,100,100]}},"ao":0,"ip":26,"op":27,"st":26,"bm":0,"sr":1},{"ddd":0,"ind":28,"ty":2,"nm":"北京四合院_竖屏_00027.png","cl":"png","refId":"image_27","ks":{"o":{"a":0,"k":100},"r":{"a":0,"k":0},"p":{"a":0,"k":[180,320,0]},"a":{"a":0,"k":[180,320,0]},"s":{"a":0,"k":[100,100,100]}},"ao":0,"ip":27,"op":28,"st":27,"bm":0,"sr":1},{"ddd":0,"ind":29,"ty":2,"nm":"北京四合院_竖屏_00028.png","cl":"png","refId":"image_28","ks":{"o":{"a":0,"k":100},"r":{"a":0,"k":0},"p":{"a":0,"k":[180,320,0]},"a":{"a":0,"k":[180,320,0]},"s":{"a":0,"k":[100,100,100]}},"ao":0,"ip":28,"op":29,"st":28,"bm":0,"sr":1},{"ddd":0,"ind":30,"ty":2,"nm":"北京四合院_竖屏_00029.png","cl":"png","refId":"image_29","ks":{"o":{"a":0,"k":100},"r":{"a":0,"k":0},"p":{"a":0,"k":[180,320,0]},"a":{"a":0,"k":[180,320,0]},"s":{"a":0,"k":[100,100,100]}},"ao":0,"ip":29,"op":30,"st":29,"bm":0,"sr":1},{"ddd":0,"ind":31,"ty":2,"nm":"北京四合院_竖屏_00030.png","cl":"png","refId":"image_30","ks":{"o":{"a":0,"k":100},"r":{"a":0,"k":0},"p":{"a":0,"k":[180,320,0]},"a":{"a":0,"k":[180,320,0]},"s":{"a":0,"k":[100,100,100]}},"ao":0,"ip":30,"op":31,"st":30,"bm":0,"sr":1},{"ddd":0,"ind":32,"ty":2,"nm":"北京四合院_竖屏_00031.png","cl":"png","refId":"image_31","ks":{"o":{"a":0,"k":100},"r":{"a":0,"k":0},"p":{"a":0,"k":[180,320,0]},"a":{"a":0,"k":[180,320,0]},"s":{"a":0,"k":[100,100,100]}},"ao":0,"ip":31,"op":32,"st":31,"bm":0,"sr":1},{"ddd":0,"ind":33,"ty":2,"nm":"北京四合院_竖屏_00032.png","cl":"png","refId":"image_32","ks":{"o":{"a":0,"k":100},"r":{"a":0,"k":0},"p":{"a":0,"k":[180,320,0]},"a":{"a":0,"k":[180,320,0]},"s":{"a":0,"k":[100,100,100]}},"ao":0,"ip":32,"op":33,"st":32,"bm":0,"sr":1},{"ddd":0,"ind":34,"ty":2,"nm":"北京四合院_竖屏_00033.png","cl":"png","refId":"image_33","ks":{"o":{"a":0,"k":100},"r":{"a":0,"k":0},"p":{"a":0,"k":[180,320,0]},"a":{"a":0,"k":[180,320,0]},"s":{"a":0,"k":[100,100,100]}},"ao":0,"ip":33,"op":34,"st":33,"bm":0,"sr":1},{"ddd":0,"ind":35,"ty":2,"nm":"北京四合院_竖屏_00034.png","cl":"png","refId":"image_34","ks":{"o":{"a":0,"k":100},"r":{"a":0,"k":0},"p":{"a":0,"k":[180,320,0]},"a":{"a":0,"k":[180,320,0]},"s":{"a":0,"k":[100,100,100]}},"ao":0,"ip":34,"op":35,"st":34,"bm":0,"sr":1},{"ddd":0,"ind":36,"ty":2,"nm":"北京四合院_竖屏_00035.png","cl":"png","refId":"image_35","ks":{"o":{"a":0,"k":100},"r":{"a":0,"k":0},"p":{"a":0,"k":[180,320,0]},"a":{"a":0,"k":[180,320,0]},"s":{"a":0,"k":[100,100,100]}},"ao":0,"ip":35,"op":36,"st":35,"bm":0,"sr":1},{"ddd":0,"ind":37,"ty":2,"nm":"北京四合院_竖屏_00036.png","cl":"png","refId":"image_36","ks":{"o":{"a":0,"k":100},"r":{"a":0,"k":0},"p":{"a":0,"k":[180,320,0]},"a":{"a":0,"k":[180,320,0]},"s":{"a":0,"k":[100,100,100]}},"ao":0,"ip":36,"op":37,"st":36,"bm":0,"sr":1},{"ddd":0,"ind":38,"ty":2,"nm":"北京四合院_竖屏_00037.png","cl":"png","refId":"image_37","ks":{"o":{"a":0,"k":100},"r":{"a":0,"k":0},"p":{"a":0,"k":[180,320,0]},"a":{"a":0,"k":[180,320,0]},"s":{"a":0,"k":[100,100,100]}},"ao":0,"ip":37,"op":38,"st":37,"bm":0,"sr":1},{"ddd":0,"ind":39,"ty":2,"nm":"北京四合院_竖屏_00038.png","cl":"png","refId":"image_38","ks":{"o":{"a":0,"k":100},"r":{"a":0,"k":0},"p":{"a":0,"k":[180,320,0]},"a":{"a":0,"k":[180,320,0]},"s":{"a":0,"k":[100,100,100]}},"ao":0,"ip":38,"op":39,"st":38,"bm":0,"sr":1},{"ddd":0,"ind":40,"ty":2,"nm":"北京四合院_竖屏_00039.png","cl":"png","refId":"image_39","ks":{"o":{"a":0,"k":100},"r":{"a":0,"k":0},"p":{"a":0,"k":[180,320,0]},"a":{"a":0,"k":[180,320,0]},"s":{"a":0,"k":[100,100,100]}},"ao":0,"ip":39,"op":40,"st":39,"bm":0,"sr":1},{"ddd":0,"ind":41,"ty":2,"nm":"北京四合院_竖屏_00040.png","cl":"png","refId":"image_40","ks":{"o":{"a":0,"k":100},"r":{"a":0,"k":0},"p":{"a":0,"k":[180,320,0]},"a":{"a":0,"k":[180,320,0]},"s":{"a":0,"k":[100,100,100]}},"ao":0,"ip":40,"op":41,"st":40,"bm":0,"sr":1},{"ddd":0,"ind":42,"ty":2,"nm":"北京四合院_竖屏_00041.png","cl":"png","refId":"image_41","ks":{"o":{"a":0,"k":100},"r":{"a":0,"k":0},"p":{"a":0,"k":[180,320,0]},"a":{"a":0,"k":[180,320,0]},"s":{"a":0,"k":[100,100,100]}},"ao":0,"ip":41,"op":42,"st":41,"bm":0,"sr":1},{"ddd":0,"ind":43,"ty":2,"nm":"北京四合院_竖屏_00042.png","cl":"png","refId":"image_42","ks":{"o":{"a":0,"k":100},"r":{"a":0,"k":0},"p":{"a":0,"k":[180,320,0]},"a":{"a":0,"k":[180,320,0]},"s":{"a":0,"k":[100,100,100]}},"ao":0,"ip":42,"op":43,"st":42,"bm":0,"sr":1},{"ddd":0,"ind":44,"ty":2,"nm":"北京四合院_竖屏_00043.png","cl":"png","refId":"image_43","ks":{"o":{"a":0,"k":100},"r":{"a":0,"k":0},"p":{"a":0,"k":[180,320,0]},"a":{"a":0,"k":[180,320,0]},"s":{"a":0,"k":[100,100,100]}},"ao":0,"ip":43,"op":44,"st":43,"bm":0,"sr":1},{"ddd":0,"ind":45,"ty":2,"nm":"北京四合院_竖屏_00044.png","cl":"png","refId":"image_44","ks":{"o":{"a":0,"k":100},"r":{"a":0,"k":0},"p":{"a":0,"k":[180,320,0]},"a":{"a":0,"k":[180,320,0]},"s":{"a":0,"k":[100,100,100]}},"ao":0,"ip":44,"op":45,"st":44,"bm":0,"sr":1},{"ddd":0,"ind":46,"ty":2,"nm":"北京四合院_竖屏_00045.png","cl":"png","refId":"image_45","ks":{"o":{"a":0,"k":100},"r":{"a":0,"k":0},"p":{"a":0,"k":[180,320,0]},"a":{"a":0,"k":[180,320,0]},"s":{"a":0,"k":[100,100,100]}},"ao":0,"ip":45,"op":46,"st":45,"bm":0,"sr":1},{"ddd":0,"ind":47,"ty":2,"nm":"北京四合院_竖屏_00046.png","cl":"png","refId":"image_46","ks":{"o":{"a":0,"k":100},"r":{"a":0,"k":0},"p":{"a":0,"k":[180,320,0]},"a":{"a":0,"k":[180,320,0]},"s":{"a":0,"k":[100,100,100]}},"ao":0,"ip":46,"op":47,"st":46,"bm":0,"sr":1},{"ddd":0,"ind":48,"ty":2,"nm":"北京四合院_竖屏_00047.png","cl":"png","refId":"image_47","ks":{"o":{"a":0,"k":100},"r":{"a":0,"k":0},"p":{"a":0,"k":[180,320,0]},"a":{"a":0,"k":[180,320,0]},"s":{"a":0,"k":[100,100,100]}},"ao":0,"ip":47,"op":48,"st":47,"bm":0,"sr":1},{"ddd":0,"ind":49,"ty":2,"nm":"北京四合院_竖屏_00048.png","cl":"png","refId":"image_48","ks":{"o":{"a":0,"k":100},"r":{"a":0,"k":0},"p":{"a":0,"k":[180,320,0]},"a":{"a":0,"k":[180,320,0]},"s":{"a":0,"k":[100,100,100]}},"ao":0,"ip":48,"op":49,"st":48,"bm":0,"sr":1},{"ddd":0,"ind":50,"ty":2,"nm":"北京四合院_竖屏_00049.png","cl":"png","refId":"image_49","ks":{"o":{"a":0,"k":100},"r":{"a":0,"k":0},"p":{"a":0,"k":[180,320,0]},"a":{"a":0,"k":[180,320,0]},"s":{"a":0,"k":[100,100,100]}},"ao":0,"ip":49,"op":50,"st":49,"bm":0,"sr":1},{"ddd":0,"ind":51,"ty":2,"nm":"北京四合院_竖屏_00050.png","cl":"png","refId":"image_50","ks":{"o":{"a":0,"k":100},"r":{"a":0,"k":0},"p":{"a":0,"k":[180,320,0]},"a":{"a":0,"k":[180,320,0]},"s":{"a":0,"k":[100,100,100]}},"ao":0,"ip":50,"op":51,"st":50,"bm":0,"sr":1},{"ddd":0,"ind":52,"ty":2,"nm":"北京四合院_竖屏_00051.png","cl":"png","refId":"image_51","ks":{"o":{"a":0,"k":100},"r":{"a":0,"k":0},"p":{"a":0,"k":[180,320,0]},"a":{"a":0,"k":[180,320,0]},"s":{"a":0,"k":[100,100,100]}},"ao":0,"ip":51,"op":52,"st":51,"bm":0,"sr":1},{"ddd":0,"ind":53,"ty":2,"nm":"北京四合院_竖屏_00052.png","cl":"png","refId":"image_52","ks":{"o":{"a":0,"k":100},"r":{"a":0,"k":0},"p":{"a":0,"k":[180,320,0]},"a":{"a":0,"k":[180,320,0]},"s":{"a":0,"k":[100,100,100]}},"ao":0,"ip":52,"op":53,"st":52,"bm":0,"sr":1},{"ddd":0,"ind":54,"ty":2,"nm":"北京四合院_竖屏_00053.png","cl":"png","refId":"image_53","ks":{"o":{"a":0,"k":100},"r":{"a":0,"k":0},"p":{"a":0,"k":[180,320,0]},"a":{"a":0,"k":[180,320,0]},"s":{"a":0,"k":[100,100,100]}},"ao":0,"ip":53,"op":54,"st":53,"bm":0,"sr":1},{"ddd":0,"ind":55,"ty":2,"nm":"北京四合院_竖屏_00054.png","cl":"png","refId":"image_54","ks":{"o":{"a":0,"k":100},"r":{"a":0,"k":0},"p":{"a":0,"k":[180,320,0]},"a":{"a":0,"k":[180,320,0]},"s":{"a":0,"k":[100,100,100]}},"ao":0,"ip":54,"op":55,"st":54,"bm":0,"sr":1},{"ddd":0,"ind":56,"ty":2,"nm":"北京四合院_竖屏_00055.png","cl":"png","refId":"image_55","ks":{"o":{"a":0,"k":100},"r":{"a":0,"k":0},"p":{"a":0,"k":[180,320,0]},"a":{"a":0,"k":[180,320,0]},"s":{"a":0,"k":[100,100,100]}},"ao":0,"ip":55,"op":56,"st":55,"bm":0,"sr":1},{"ddd":0,"ind":57,"ty":2,"nm":"北京四合院_竖屏_00056.png","cl":"png","refId":"image_56","ks":{"o":{"a":0,"k":100},"r":{"a":0,"k":0},"p":{"a":0,"k":[180,320,0]},"a":{"a":0,"k":[180,320,0]},"s":{"a":0,"k":[100,100,100]}},"ao":0,"ip":56,"op":57,"st":56,"bm":0,"sr":1},{"ddd":0,"ind":58,"ty":2,"nm":"北京四合院_竖屏_00057.png","cl":"png","refId":"image_57","ks":{"o":{"a":0,"k":100},"r":{"a":0,"k":0},"p":{"a":0,"k":[180,320,0]},"a":{"a":0,"k":[180,320,0]},"s":{"a":0,"k":[100,100,100]}},"ao":0,"ip":57,"op":58,"st":57,"bm":0,"sr":1},{"ddd":0,"ind":59,"ty":2,"nm":"北京四合院_竖屏_00058.png","cl":"png","refId":"image_58","ks":{"o":{"a":0,"k":100},"r":{"a":0,"k":0},"p":{"a":0,"k":[180,320,0]},"a":{"a":0,"k":[180,320,0]},"s":{"a":0,"k":[100,100,100]}},"ao":0,"ip":58,"op":59,"st":58,"bm":0,"sr":1},{"ddd":0,"ind":60,"ty":2,"nm":"北京四合院_竖屏_00059.png","cl":"png","refId":"image_59","ks":{"o":{"a":0,"k":100},"r":{"a":0,"k":0},"p":{"a":0,"k":[180,320,0]},"a":{"a":0,"k":[180,320,0]},"s":{"a":0,"k":[100,100,100]}},"ao":0,"ip":59,"op":60,"st":59,"bm":0,"sr":1},{"ddd":0,"ind":61,"ty":2,"nm":"北京四合院_竖屏_00060.png","cl":"png","refId":"image_60","ks":{"o":{"a":0,"k":100},"r":{"a":0,"k":0},"p":{"a":0,"k":[180,320,0]},"a":{"a":0,"k":[180,320,0]},"s":{"a":0,"k":[100,100,100]}},"ao":0,"ip":60,"op":61,"st":60,"bm":0,"sr":1},{"ddd":0,"ind":62,"ty":2,"nm":"北京四合院_竖屏_00061.png","cl":"png","refId":"image_61","ks":{"o":{"a":0,"k":100},"r":{"a":0,"k":0},"p":{"a":0,"k":[180,320,0]},"a":{"a":0,"k":[180,320,0]},"s":{"a":0,"k":[100,100,100]}},"ao":0,"ip":61,"op":62,"st":61,"bm":0,"sr":1},{"ddd":0,"ind":63,"ty":2,"nm":"北京四合院_竖屏_00062.png","cl":"png","refId":"image_62","ks":{"o":{"a":0,"k":100},"r":{"a":0,"k":0},"p":{"a":0,"k":[180,320,0]},"a":{"a":0,"k":[180,320,0]},"s":{"a":0,"k":[100,100,100]}},"ao":0,"ip":62,"op":63,"st":62,"bm":0,"sr":1},{"ddd":0,"ind":64,"ty":2,"nm":"北京四合院_竖屏_00063.png","cl":"png","refId":"image_63","ks":{"o":{"a":0,"k":100},"r":{"a":0,"k":0},"p":{"a":0,"k":[180,320,0]},"a":{"a":0,"k":[180,320,0]},"s":{"a":0,"k":[100,100,100]}},"ao":0,"ip":63,"op":64,"st":63,"bm":0,"sr":1},{"ddd":0,"ind":65,"ty":2,"nm":"北京四合院_竖屏_00064.png","cl":"png","refId":"image_64","ks":{"o":{"a":0,"k":100},"r":{"a":0,"k":0},"p":{"a":0,"k":[180,320,0]},"a":{"a":0,"k":[180,320,0]},"s":{"a":0,"k":[100,100,100]}},"ao":0,"ip":64,"op":65,"st":64,"bm":0,"sr":1},{"ddd":0,"ind":66,"ty":2,"nm":"北京四合院_竖屏_00065.png","cl":"png","refId":"image_65","ks":{"o":{"a":0,"k":100},"r":{"a":0,"k":0},"p":{"a":0,"k":[180,320,0]},"a":{"a":0,"k":[180,320,0]},"s":{"a":0,"k":[100,100,100]}},"ao":0,"ip":65,"op":66,"st":65,"bm":0,"sr":1},{"ddd":0,"ind":67,"ty":2,"nm":"北京四合院_竖屏_00066.png","cl":"png","refId":"image_66","ks":{"o":{"a":0,"k":100},"r":{"a":0,"k":0},"p":{"a":0,"k":[180,320,0]},"a":{"a":0,"k":[180,320,0]},"s":{"a":0,"k":[100,100,100]}},"ao":0,"ip":66,"op":67,"st":66,"bm":0,"sr":1},{"ddd":0,"ind":68,"ty":2,"nm":"北京四合院_竖屏_00067.png","cl":"png","refId":"image_67","ks":{"o":{"a":0,"k":100},"r":{"a":0,"k":0},"p":{"a":0,"k":[180,320,0]},"a":{"a":0,"k":[180,320,0]},"s":{"a":0,"k":[100,100,100]}},"ao":0,"ip":67,"op":68,"st":67,"bm":0,"sr":1},{"ddd":0,"ind":69,"ty":2,"nm":"北京四合院_竖屏_00068.png","cl":"png","refId":"image_68","ks":{"o":{"a":0,"k":100},"r":{"a":0,"k":0},"p":{"a":0,"k":[180,320,0]},"a":{"a":0,"k":[180,320,0]},"s":{"a":0,"k":[100,100,100]}},"ao":0,"ip":68,"op":69,"st":68,"bm":0,"sr":1},{"ddd":0,"ind":70,"ty":2,"nm":"北京四合院_竖屏_00069.png","cl":"png","refId":"image_69","ks":{"o":{"a":0,"k":100},"r":{"a":0,"k":0},"p":{"a":0,"k":[180,320,0]},"a":{"a":0,"k":[180,320,0]},"s":{"a":0,"k":[100,100,100]}},"ao":0,"ip":69,"op":70,"st":69,"bm":0,"sr":1},{"ddd":0,"ind":71,"ty":2,"nm":"北京四合院_竖屏_00070.png","cl":"png","refId":"image_70","ks":{"o":{"a":0,"k":100},"r":{"a":0,"k":0},"p":{"a":0,"k":[180,320,0]},"a":{"a":0,"k":[180,320,0]},"s":{"a":0,"k":[100,100,100]}},"ao":0,"ip":70,"op":71,"st":70,"bm":0,"sr":1},{"ddd":0,"ind":72,"ty":2,"nm":"北京四合院_竖屏_00071.png","cl":"png","refId":"image_71","ks":{"o":{"a":0,"k":100},"r":{"a":0,"k":0},"p":{"a":0,"k":[180,320,0]},"a":{"a":0,"k":[180,320,0]},"s":{"a":0,"k":[100,100,100]}},"ao":0,"ip":71,"op":72,"st":71,"bm":0,"sr":1},{"ddd":0,"ind":73,"ty":2,"nm":"北京四合院_竖屏_00072.png","cl":"png","refId":"image_72","ks":{"o":{"a":0,"k":100},"r":{"a":0,"k":0},"p":{"a":0,"k":[180,320,0]},"a":{"a":0,"k":[180,320,0]},"s":{"a":0,"k":[100,100,100]}},"ao":0,"ip":72,"op":73,"st":72,"bm":0,"sr":1},{"ddd":0,"ind":74,"ty":2,"nm":"北京四合院_竖屏_00073.png","cl":"png","refId":"image_73","ks":{"o":{"a":0,"k":100},"r":{"a":0,"k":0},"p":{"a":0,"k":[180,320,0]},"a":{"a":0,"k":[180,320,0]},"s":{"a":0,"k":[100,100,100]}},"ao":0,"ip":73,"op":74,"st":73,"bm":0,"sr":1},{"ddd":0,"ind":75,"ty":2,"nm":"北京四合院_竖屏_00074.png","cl":"png","refId":"image_74","ks":{"o":{"a":0,"k":100},"r":{"a":0,"k":0},"p":{"a":0,"k":[180,320,0]},"a":{"a":0,"k":[180,320,0]},"s":{"a":0,"k":[100,100,100]}},"ao":0,"ip":74,"op":75,"st":74,"bm":0,"sr":1},{"ddd":0,"ind":76,"ty":2,"nm":"北京四合院_竖屏_00075.png","cl":"png","refId":"image_75","ks":{"o":{"a":0,"k":100},"r":{"a":0,"k":0},"p":{"a":0,"k":[180,320,0]},"a":{"a":0,"k":[180,320,0]},"s":{"a":0,"k":[100,100,100]}},"ao":0,"ip":75,"op":76,"st":75,"bm":0,"sr":1},{"ddd":0,"ind":77,"ty":2,"nm":"北京四合院_竖屏_00076.png","cl":"png","refId":"image_76","ks":{"o":{"a":0,"k":100},"r":{"a":0,"k":0},"p":{"a":0,"k":[180,320,0]},"a":{"a":0,"k":[180,320,0]},"s":{"a":0,"k":[100,100,100]}},"ao":0,"ip":76,"op":77,"st":76,"bm":0,"sr":1},{"ddd":0,"ind":78,"ty":2,"nm":"北京四合院_竖屏_00077.png","cl":"png","refId":"image_77","ks":{"o":{"a":0,"k":100},"r":{"a":0,"k":0},"p":{"a":0,"k":[180,320,0]},"a":{"a":0,"k":[180,320,0]},"s":{"a":0,"k":[100,100,100]}},"ao":0,"ip":77,"op":78,"st":77,"bm":0,"sr":1},{"ddd":0,"ind":79,"ty":2,"nm":"北京四合院_竖屏_00078.png","cl":"png","refId":"image_78","ks":{"o":{"a":0,"k":100},"r":{"a":0,"k":0},"p":{"a":0,"k":[180,320,0]},"a":{"a":0,"k":[180,320,0]},"s":{"a":0,"k":[100,100,100]}},"ao":0,"ip":78,"op":79,"st":78,"bm":0,"sr":1},{"ddd":0,"ind":80,"ty":2,"nm":"北京四合院_竖屏_00079.png","cl":"png","refId":"image_79","ks":{"o":{"a":0,"k":100},"r":{"a":0,"k":0},"p":{"a":0,"k":[180,320,0]},"a":{"a":0,"k":[180,320,0]},"s":{"a":0,"k":[100,100,100]}},"ao":0,"ip":79,"op":80,"st":79,"bm":0,"sr":1},{"ddd":0,"ind":81,"ty":2,"nm":"北京四合院_竖屏_00080.png","cl":"png","refId":"image_80","ks":{"o":{"a":0,"k":100},"r":{"a":0,"k":0},"p":{"a":0,"k":[180,320,0]},"a":{"a":0,"k":[180,320,0]},"s":{"a":0,"k":[100,100,100]}},"ao":0,"ip":80,"op":81,"st":80,"bm":0,"sr":1}]}