{"v":"4.6.9","fr":8,"ip":0,"op":32,"w":750,"h":560,"nm":"v587","ddd":0,"assets":[{"id":"image_0","w":750,"h":560,"u":"images/","p":"giftMiddle_animation_v587_0.png"},{"id":"image_1","w":750,"h":560,"u":"images/","p":"giftMiddle_animation_v587_1.png"},{"id":"image_2","w":750,"h":560,"u":"images/","p":"giftMiddle_animation_v587_2.png"},{"id":"image_3","w":750,"h":560,"u":"images/","p":"giftMiddle_animation_v587_3.png"},{"id":"image_4","w":750,"h":560,"u":"images/","p":"giftMiddle_animation_v587_4.png"},{"id":"image_5","w":750,"h":560,"u":"images/","p":"giftMiddle_animation_v587_5.png"},{"id":"image_6","w":750,"h":560,"u":"images/","p":"giftMiddle_animation_v587_6.png"},{"id":"image_7","w":750,"h":560,"u":"images/","p":"giftMiddle_animation_v587_7.png"},{"id":"image_8","w":750,"h":560,"u":"images/","p":"giftMiddle_animation_v587_8.png"},{"id":"image_9","w":750,"h":560,"u":"images/","p":"giftMiddle_animation_v587_9.png"},{"id":"image_10","w":750,"h":560,"u":"images/","p":"giftMiddle_animation_v587_10.png"},{"id":"image_11","w":750,"h":560,"u":"images/","p":"giftMiddle_animation_v587_11.png"},{"id":"image_12","w":750,"h":560,"u":"images/","p":"giftMiddle_animation_v587_12.png"},{"id":"image_13","w":750,"h":560,"u":"images/","p":"giftMiddle_animation_v587_13.png"},{"id":"image_14","w":750,"h":560,"u":"images/","p":"giftMiddle_animation_v587_14.png"},{"id":"image_15","w":750,"h":560,"u":"images/","p":"giftMiddle_animation_v587_15.png"},{"id":"image_16","w":750,"h":560,"u":"images/","p":"giftMiddle_animation_v587_16.png"},{"id":"image_17","w":750,"h":560,"u":"images/","p":"giftMiddle_animation_v587_17.png"},{"id":"image_18","w":750,"h":560,"u":"images/","p":"giftMiddle_animation_v587_18.png"},{"id":"image_19","w":750,"h":560,"u":"images/","p":"giftMiddle_animation_v587_19.png"},{"id":"image_20","w":750,"h":560,"u":"images/","p":"giftMiddle_animation_v587_20.png"},{"id":"image_21","w":750,"h":560,"u":"images/","p":"giftMiddle_animation_v587_21.png"},{"id":"image_22","w":750,"h":560,"u":"images/","p":"giftMiddle_animation_v587_22.png"},{"id":"image_23","w":750,"h":560,"u":"images/","p":"giftMiddle_animation_v587_23.png"},{"id":"image_24","w":750,"h":560,"u":"images/","p":"giftMiddle_animation_v587_24.png"},{"id":"image_25","w":750,"h":560,"u":"images/","p":"giftMiddle_animation_v587_25.png"},{"id":"image_26","w":750,"h":560,"u":"images/","p":"giftMiddle_animation_v587_26.png"},{"id":"image_27","w":750,"h":560,"u":"images/","p":"giftMiddle_animation_v587_27.png"},{"id":"image_28","w":750,"h":560,"u":"images/","p":"giftMiddle_animation_v587_28.png"},{"id":"image_29","w":750,"h":560,"u":"images/","p":"giftMiddle_animation_v587_29.png"},{"id":"image_30","w":750,"h":560,"u":"images/","p":"giftMiddle_animation_v587_30.png"},{"id":"image_31","w":750,"h":560,"u":"images/","p":"giftMiddle_animation_v587_31.png"}],"layers":[{"ddd":0,"ind":1,"ty":2,"nm":"v5870003.png","cl":"png","refId":"image_0","ks":{"o":{"a":1,"k":[{"i":{"x":[0.833],"y":[0.833]},"o":{"x":[0.167],"y":[0.167]},"n":["0p833_0p833_0p167_0p167"],"t":27,"s":[100],"e":[0]},{"t":31}]},"r":{"a":0,"k":0},"p":{"a":0,"k":[375,280,0]},"a":{"a":0,"k":[375,280,0]},"s":{"a":0,"k":[100,100,100]}},"ao":0,"ip":0,"op":1,"st":0,"bm":0,"sr":1},{"ddd":0,"ind":2,"ty":2,"nm":"v5870006.png","cl":"png","refId":"image_1","ks":{"o":{"a":1,"k":[{"i":{"x":[0.833],"y":[0.833]},"o":{"x":[0.167],"y":[0.167]},"n":["0p833_0p833_0p167_0p167"],"t":27,"s":[100],"e":[0]},{"t":31}]},"r":{"a":0,"k":0},"p":{"a":0,"k":[375,280,0]},"a":{"a":0,"k":[375,280,0]},"s":{"a":0,"k":[100,100,100]}},"ao":0,"ip":1,"op":2,"st":1,"bm":0,"sr":1},{"ddd":0,"ind":3,"ty":2,"nm":"v5870009.png","cl":"png","refId":"image_2","ks":{"o":{"a":1,"k":[{"i":{"x":[0.833],"y":[0.833]},"o":{"x":[0.167],"y":[0.167]},"n":["0p833_0p833_0p167_0p167"],"t":27,"s":[100],"e":[0]},{"t":31}]},"r":{"a":0,"k":0},"p":{"a":0,"k":[375,280,0]},"a":{"a":0,"k":[375,280,0]},"s":{"a":0,"k":[100,100,100]}},"ao":0,"ip":2,"op":3,"st":2,"bm":0,"sr":1},{"ddd":0,"ind":4,"ty":2,"nm":"v5870012.png","cl":"png","refId":"image_3","ks":{"o":{"a":1,"k":[{"i":{"x":[0.833],"y":[0.833]},"o":{"x":[0.167],"y":[0.167]},"n":["0p833_0p833_0p167_0p167"],"t":27,"s":[100],"e":[0]},{"t":31}]},"r":{"a":0,"k":0},"p":{"a":0,"k":[375,280,0]},"a":{"a":0,"k":[375,280,0]},"s":{"a":0,"k":[100,100,100]}},"ao":0,"ip":3,"op":4,"st":3,"bm":0,"sr":1},{"ddd":0,"ind":5,"ty":2,"nm":"v5870015.png","cl":"png","refId":"image_4","ks":{"o":{"a":1,"k":[{"i":{"x":[0.833],"y":[0.833]},"o":{"x":[0.167],"y":[0.167]},"n":["0p833_0p833_0p167_0p167"],"t":27,"s":[100],"e":[0]},{"t":31}]},"r":{"a":0,"k":0},"p":{"a":0,"k":[375,280,0]},"a":{"a":0,"k":[375,280,0]},"s":{"a":0,"k":[100,100,100]}},"ao":0,"ip":4,"op":5,"st":4,"bm":0,"sr":1},{"ddd":0,"ind":6,"ty":2,"nm":"v5870018.png","cl":"png","refId":"image_5","ks":{"o":{"a":1,"k":[{"i":{"x":[0.833],"y":[0.833]},"o":{"x":[0.167],"y":[0.167]},"n":["0p833_0p833_0p167_0p167"],"t":27,"s":[100],"e":[0]},{"t":31}]},"r":{"a":0,"k":0},"p":{"a":0,"k":[375,280,0]},"a":{"a":0,"k":[375,280,0]},"s":{"a":0,"k":[100,100,100]}},"ao":0,"ip":5,"op":6,"st":5,"bm":0,"sr":1},{"ddd":0,"ind":7,"ty":2,"nm":"v5870021.png","cl":"png","refId":"image_6","ks":{"o":{"a":1,"k":[{"i":{"x":[0.833],"y":[0.833]},"o":{"x":[0.167],"y":[0.167]},"n":["0p833_0p833_0p167_0p167"],"t":27,"s":[100],"e":[0]},{"t":31}]},"r":{"a":0,"k":0},"p":{"a":0,"k":[375,280,0]},"a":{"a":0,"k":[375,280,0]},"s":{"a":0,"k":[100,100,100]}},"ao":0,"ip":6,"op":7,"st":6,"bm":0,"sr":1},{"ddd":0,"ind":8,"ty":2,"nm":"v5870024.png","cl":"png","refId":"image_7","ks":{"o":{"a":1,"k":[{"i":{"x":[0.833],"y":[0.833]},"o":{"x":[0.167],"y":[0.167]},"n":["0p833_0p833_0p167_0p167"],"t":27,"s":[100],"e":[0]},{"t":31}]},"r":{"a":0,"k":0},"p":{"a":0,"k":[375,280,0]},"a":{"a":0,"k":[375,280,0]},"s":{"a":0,"k":[100,100,100]}},"ao":0,"ip":7,"op":8,"st":7,"bm":0,"sr":1},{"ddd":0,"ind":9,"ty":2,"nm":"v5870027.png","cl":"png","refId":"image_8","ks":{"o":{"a":1,"k":[{"i":{"x":[0.833],"y":[0.833]},"o":{"x":[0.167],"y":[0.167]},"n":["0p833_0p833_0p167_0p167"],"t":27,"s":[100],"e":[0]},{"t":31}]},"r":{"a":0,"k":0},"p":{"a":0,"k":[375,280,0]},"a":{"a":0,"k":[375,280,0]},"s":{"a":0,"k":[100,100,100]}},"ao":0,"ip":8,"op":9,"st":8,"bm":0,"sr":1},{"ddd":0,"ind":10,"ty":2,"nm":"v5870030.png","cl":"png","refId":"image_9","ks":{"o":{"a":1,"k":[{"i":{"x":[0.833],"y":[0.833]},"o":{"x":[0.167],"y":[0.167]},"n":["0p833_0p833_0p167_0p167"],"t":27,"s":[100],"e":[0]},{"t":31}]},"r":{"a":0,"k":0},"p":{"a":0,"k":[375,280,0]},"a":{"a":0,"k":[375,280,0]},"s":{"a":0,"k":[100,100,100]}},"ao":0,"ip":9,"op":10,"st":9,"bm":0,"sr":1},{"ddd":0,"ind":11,"ty":2,"nm":"v5870033.png","cl":"png","refId":"image_10","ks":{"o":{"a":1,"k":[{"i":{"x":[0.833],"y":[0.833]},"o":{"x":[0.167],"y":[0.167]},"n":["0p833_0p833_0p167_0p167"],"t":27,"s":[100],"e":[0]},{"t":31}]},"r":{"a":0,"k":0},"p":{"a":0,"k":[375,280,0]},"a":{"a":0,"k":[375,280,0]},"s":{"a":0,"k":[100,100,100]}},"ao":0,"ip":10,"op":11,"st":10,"bm":0,"sr":1},{"ddd":0,"ind":12,"ty":2,"nm":"v5870036.png","cl":"png","refId":"image_11","ks":{"o":{"a":1,"k":[{"i":{"x":[0.833],"y":[0.833]},"o":{"x":[0.167],"y":[0.167]},"n":["0p833_0p833_0p167_0p167"],"t":27,"s":[100],"e":[0]},{"t":31}]},"r":{"a":0,"k":0},"p":{"a":0,"k":[375,280,0]},"a":{"a":0,"k":[375,280,0]},"s":{"a":0,"k":[100,100,100]}},"ao":0,"ip":11,"op":12,"st":11,"bm":0,"sr":1},{"ddd":0,"ind":13,"ty":2,"nm":"v5870039.png","cl":"png","refId":"image_12","ks":{"o":{"a":1,"k":[{"i":{"x":[0.833],"y":[0.833]},"o":{"x":[0.167],"y":[0.167]},"n":["0p833_0p833_0p167_0p167"],"t":27,"s":[100],"e":[0]},{"t":31}]},"r":{"a":0,"k":0},"p":{"a":0,"k":[375,280,0]},"a":{"a":0,"k":[375,280,0]},"s":{"a":0,"k":[100,100,100]}},"ao":0,"ip":12,"op":13,"st":12,"bm":0,"sr":1},{"ddd":0,"ind":14,"ty":2,"nm":"v5870042.png","cl":"png","refId":"image_13","ks":{"o":{"a":1,"k":[{"i":{"x":[0.833],"y":[0.833]},"o":{"x":[0.167],"y":[0.167]},"n":["0p833_0p833_0p167_0p167"],"t":27,"s":[100],"e":[0]},{"t":31}]},"r":{"a":0,"k":0},"p":{"a":0,"k":[375,280,0]},"a":{"a":0,"k":[375,280,0]},"s":{"a":0,"k":[100,100,100]}},"ao":0,"ip":13,"op":14,"st":13,"bm":0,"sr":1},{"ddd":0,"ind":15,"ty":2,"nm":"v5870045.png","cl":"png","refId":"image_14","ks":{"o":{"a":1,"k":[{"i":{"x":[0.833],"y":[0.833]},"o":{"x":[0.167],"y":[0.167]},"n":["0p833_0p833_0p167_0p167"],"t":27,"s":[100],"e":[0]},{"t":31}]},"r":{"a":0,"k":0},"p":{"a":0,"k":[375,280,0]},"a":{"a":0,"k":[375,280,0]},"s":{"a":0,"k":[100,100,100]}},"ao":0,"ip":14,"op":15,"st":14,"bm":0,"sr":1},{"ddd":0,"ind":16,"ty":2,"nm":"v5870048.png","cl":"png","refId":"image_15","ks":{"o":{"a":1,"k":[{"i":{"x":[0.833],"y":[0.833]},"o":{"x":[0.167],"y":[0.167]},"n":["0p833_0p833_0p167_0p167"],"t":27,"s":[100],"e":[0]},{"t":31}]},"r":{"a":0,"k":0},"p":{"a":0,"k":[375,280,0]},"a":{"a":0,"k":[375,280,0]},"s":{"a":0,"k":[100,100,100]}},"ao":0,"ip":15,"op":16,"st":15,"bm":0,"sr":1},{"ddd":0,"ind":17,"ty":2,"nm":"v5870051.png","cl":"png","refId":"image_16","ks":{"o":{"a":1,"k":[{"i":{"x":[0.833],"y":[0.833]},"o":{"x":[0.167],"y":[0.167]},"n":["0p833_0p833_0p167_0p167"],"t":27,"s":[100],"e":[0]},{"t":31}]},"r":{"a":0,"k":0},"p":{"a":0,"k":[375,280,0]},"a":{"a":0,"k":[375,280,0]},"s":{"a":0,"k":[100,100,100]}},"ao":0,"ip":16,"op":17,"st":16,"bm":0,"sr":1},{"ddd":0,"ind":18,"ty":2,"nm":"v5870054.png","cl":"png","refId":"image_17","ks":{"o":{"a":1,"k":[{"i":{"x":[0.833],"y":[0.833]},"o":{"x":[0.167],"y":[0.167]},"n":["0p833_0p833_0p167_0p167"],"t":27,"s":[100],"e":[0]},{"t":31}]},"r":{"a":0,"k":0},"p":{"a":0,"k":[375,280,0]},"a":{"a":0,"k":[375,280,0]},"s":{"a":0,"k":[100,100,100]}},"ao":0,"ip":17,"op":18,"st":17,"bm":0,"sr":1},{"ddd":0,"ind":19,"ty":2,"nm":"v5870057.png","cl":"png","refId":"image_18","ks":{"o":{"a":1,"k":[{"i":{"x":[0.833],"y":[0.833]},"o":{"x":[0.167],"y":[0.167]},"n":["0p833_0p833_0p167_0p167"],"t":27,"s":[100],"e":[0]},{"t":31}]},"r":{"a":0,"k":0},"p":{"a":0,"k":[375,280,0]},"a":{"a":0,"k":[375,280,0]},"s":{"a":0,"k":[100,100,100]}},"ao":0,"ip":18,"op":19,"st":18,"bm":0,"sr":1},{"ddd":0,"ind":20,"ty":2,"nm":"v5870060.png","cl":"png","refId":"image_19","ks":{"o":{"a":1,"k":[{"i":{"x":[0.833],"y":[0.833]},"o":{"x":[0.167],"y":[0.167]},"n":["0p833_0p833_0p167_0p167"],"t":27,"s":[100],"e":[0]},{"t":31}]},"r":{"a":0,"k":0},"p":{"a":0,"k":[375,280,0]},"a":{"a":0,"k":[375,280,0]},"s":{"a":0,"k":[100,100,100]}},"ao":0,"ip":19,"op":20,"st":19,"bm":0,"sr":1},{"ddd":0,"ind":21,"ty":2,"nm":"v5870063.png","cl":"png","refId":"image_20","ks":{"o":{"a":1,"k":[{"i":{"x":[0.833],"y":[0.833]},"o":{"x":[0.167],"y":[0.167]},"n":["0p833_0p833_0p167_0p167"],"t":27,"s":[100],"e":[0]},{"t":31}]},"r":{"a":0,"k":0},"p":{"a":0,"k":[375,280,0]},"a":{"a":0,"k":[375,280,0]},"s":{"a":0,"k":[100,100,100]}},"ao":0,"ip":20,"op":21,"st":20,"bm":0,"sr":1},{"ddd":0,"ind":22,"ty":2,"nm":"v5870066.png","cl":"png","refId":"image_21","ks":{"o":{"a":1,"k":[{"i":{"x":[0.833],"y":[0.833]},"o":{"x":[0.167],"y":[0.167]},"n":["0p833_0p833_0p167_0p167"],"t":27,"s":[100],"e":[0]},{"t":31}]},"r":{"a":0,"k":0},"p":{"a":0,"k":[375,280,0]},"a":{"a":0,"k":[375,280,0]},"s":{"a":0,"k":[100,100,100]}},"ao":0,"ip":21,"op":22,"st":21,"bm":0,"sr":1},{"ddd":0,"ind":23,"ty":2,"nm":"v5870069.png","cl":"png","refId":"image_22","ks":{"o":{"a":1,"k":[{"i":{"x":[0.833],"y":[0.833]},"o":{"x":[0.167],"y":[0.167]},"n":["0p833_0p833_0p167_0p167"],"t":27,"s":[100],"e":[0]},{"t":31}]},"r":{"a":0,"k":0},"p":{"a":0,"k":[375,280,0]},"a":{"a":0,"k":[375,280,0]},"s":{"a":0,"k":[100,100,100]}},"ao":0,"ip":22,"op":23,"st":22,"bm":0,"sr":1},{"ddd":0,"ind":24,"ty":2,"nm":"v5870072.png","cl":"png","refId":"image_23","ks":{"o":{"a":1,"k":[{"i":{"x":[0.833],"y":[0.833]},"o":{"x":[0.167],"y":[0.167]},"n":["0p833_0p833_0p167_0p167"],"t":27,"s":[100],"e":[0]},{"t":31}]},"r":{"a":0,"k":0},"p":{"a":0,"k":[375,280,0]},"a":{"a":0,"k":[375,280,0]},"s":{"a":0,"k":[100,100,100]}},"ao":0,"ip":23,"op":24,"st":23,"bm":0,"sr":1},{"ddd":0,"ind":25,"ty":2,"nm":"v5870075.png","cl":"png","refId":"image_24","ks":{"o":{"a":1,"k":[{"i":{"x":[0.833],"y":[0.833]},"o":{"x":[0.167],"y":[0.167]},"n":["0p833_0p833_0p167_0p167"],"t":27,"s":[100],"e":[0]},{"t":31}]},"r":{"a":0,"k":0},"p":{"a":0,"k":[375,280,0]},"a":{"a":0,"k":[375,280,0]},"s":{"a":0,"k":[100,100,100]}},"ao":0,"ip":24,"op":25,"st":24,"bm":0,"sr":1},{"ddd":0,"ind":26,"ty":2,"nm":"v5870078.png","cl":"png","refId":"image_25","ks":{"o":{"a":1,"k":[{"i":{"x":[0.833],"y":[0.833]},"o":{"x":[0.167],"y":[0.167]},"n":["0p833_0p833_0p167_0p167"],"t":27,"s":[100],"e":[0]},{"t":31}]},"r":{"a":0,"k":0},"p":{"a":0,"k":[375,280,0]},"a":{"a":0,"k":[375,280,0]},"s":{"a":0,"k":[100,100,100]}},"ao":0,"ip":25,"op":26,"st":25,"bm":0,"sr":1},{"ddd":0,"ind":27,"ty":2,"nm":"v5870081.png","cl":"png","refId":"image_26","ks":{"o":{"a":1,"k":[{"i":{"x":[0.833],"y":[0.833]},"o":{"x":[0.167],"y":[0.167]},"n":["0p833_0p833_0p167_0p167"],"t":27,"s":[100],"e":[0]},{"t":31}]},"r":{"a":0,"k":0},"p":{"a":0,"k":[375,280,0]},"a":{"a":0,"k":[375,280,0]},"s":{"a":0,"k":[100,100,100]}},"ao":0,"ip":26,"op":27,"st":26,"bm":0,"sr":1},{"ddd":0,"ind":28,"ty":2,"nm":"v5870084.png","cl":"png","refId":"image_27","ks":{"o":{"a":1,"k":[{"i":{"x":[0.833],"y":[0.833]},"o":{"x":[0.167],"y":[0.167]},"n":["0p833_0p833_0p167_0p167"],"t":27,"s":[100],"e":[0]},{"t":31}]},"r":{"a":0,"k":0},"p":{"a":0,"k":[375,280,0]},"a":{"a":0,"k":[375,280,0]},"s":{"a":0,"k":[100,100,100]}},"ao":0,"ip":27,"op":28,"st":27,"bm":0,"sr":1},{"ddd":0,"ind":29,"ty":2,"nm":"v5870087.png","cl":"png","refId":"image_28","ks":{"o":{"a":1,"k":[{"i":{"x":[0.833],"y":[0.833]},"o":{"x":[0.167],"y":[0.167]},"n":["0p833_0p833_0p167_0p167"],"t":27,"s":[100],"e":[0]},{"t":31}]},"r":{"a":0,"k":0},"p":{"a":0,"k":[375,280,0]},"a":{"a":0,"k":[375,280,0]},"s":{"a":0,"k":[100,100,100]}},"ao":0,"ip":28,"op":29,"st":28,"bm":0,"sr":1},{"ddd":0,"ind":30,"ty":2,"nm":"v5870090.png","cl":"png","refId":"image_29","ks":{"o":{"a":1,"k":[{"i":{"x":[0.833],"y":[0.833]},"o":{"x":[0.167],"y":[0.167]},"n":["0p833_0p833_0p167_0p167"],"t":27,"s":[100],"e":[0]},{"t":31}]},"r":{"a":0,"k":0},"p":{"a":0,"k":[375,280,0]},"a":{"a":0,"k":[375,280,0]},"s":{"a":0,"k":[100,100,100]}},"ao":0,"ip":29,"op":30,"st":29,"bm":0,"sr":1},{"ddd":0,"ind":31,"ty":2,"nm":"v5870093.png","cl":"png","refId":"image_30","ks":{"o":{"a":1,"k":[{"i":{"x":[0.833],"y":[0.833]},"o":{"x":[0.167],"y":[0.167]},"n":["0p833_0p833_0p167_0p167"],"t":27,"s":[100],"e":[0]},{"t":31}]},"r":{"a":0,"k":0},"p":{"a":0,"k":[375,280,0]},"a":{"a":0,"k":[375,280,0]},"s":{"a":0,"k":[100,100,100]}},"ao":0,"ip":30,"op":31,"st":30,"bm":0,"sr":1},{"ddd":0,"ind":32,"ty":2,"nm":"v5870096.png","cl":"png","refId":"image_31","ks":{"o":{"a":1,"k":[{"i":{"x":[0.833],"y":[0.833]},"o":{"x":[0.167],"y":[0.167]},"n":["0p833_0p833_0p167_0p167"],"t":27,"s":[100],"e":[0]},{"t":31}]},"r":{"a":0,"k":0},"p":{"a":0,"k":[375,280,0]},"a":{"a":0,"k":[375,280,0]},"s":{"a":0,"k":[100,100,100]}},"ao":0,"ip":31,"op":32,"st":31,"bm":0,"sr":1}]}