﻿{"v":"4.6.9","fr":25,"ip":0,"op":100,"w":750,"h":560,"nm":"合成 1","ddd":0,"assets":[{"id":"image_0","w":750,"h":560,"u":"images/","p":"giftMiddle_animation_thg_0.png"},{"id":"image_1","w":750,"h":560,"u":"images/","p":"giftMiddle_animation_thg_1.png"},{"id":"image_2","w":750,"h":560,"u":"images/","p":"giftMiddle_animation_thg_2.png"},{"id":"image_3","w":750,"h":560,"u":"images/","p":"giftMiddle_animation_thg_3.png"},{"id":"image_4","w":750,"h":560,"u":"images/","p":"giftMiddle_animation_thg_4.png"},{"id":"image_5","w":750,"h":560,"u":"images/","p":"giftMiddle_animation_thg_5.png"},{"id":"image_6","w":750,"h":560,"u":"images/","p":"giftMiddle_animation_thg_6.png"},{"id":"image_7","w":750,"h":560,"u":"images/","p":"giftMiddle_animation_thg_7.png"},{"id":"image_8","w":750,"h":560,"u":"images/","p":"giftMiddle_animation_thg_8.png"},{"id":"image_9","w":750,"h":560,"u":"images/","p":"giftMiddle_animation_thg_9.png"},{"id":"image_10","w":750,"h":560,"u":"images/","p":"giftMiddle_animation_thg_10.png"},{"id":"image_11","w":750,"h":560,"u":"images/","p":"giftMiddle_animation_thg_11.png"},{"id":"image_12","w":750,"h":560,"u":"images/","p":"giftMiddle_animation_thg_12.png"},{"id":"image_13","w":750,"h":560,"u":"images/","p":"giftMiddle_animation_thg_13.png"},{"id":"image_14","w":750,"h":560,"u":"images/","p":"giftMiddle_animation_thg_14.png"},{"id":"image_15","w":750,"h":560,"u":"images/","p":"giftMiddle_animation_thg_15.png"},{"id":"image_16","w":750,"h":560,"u":"images/","p":"giftMiddle_animation_thg_16.png"},{"id":"image_17","w":750,"h":560,"u":"images/","p":"giftMiddle_animation_thg_17.png"},{"id":"image_18","w":750,"h":560,"u":"images/","p":"giftMiddle_animation_thg_18.png"},{"id":"image_19","w":750,"h":560,"u":"images/","p":"giftMiddle_animation_thg_19.png"},{"id":"image_20","w":750,"h":560,"u":"images/","p":"giftMiddle_animation_thg_20.png"},{"id":"image_21","w":750,"h":560,"u":"images/","p":"giftMiddle_animation_thg_21.png"},{"id":"image_22","w":750,"h":560,"u":"images/","p":"giftMiddle_animation_thg_22.png"},{"id":"image_23","w":750,"h":560,"u":"images/","p":"giftMiddle_animation_thg_23.png"},{"id":"image_24","w":750,"h":560,"u":"images/","p":"giftMiddle_animation_thg_24.png"},{"id":"image_25","w":750,"h":560,"u":"images/","p":"giftMiddle_animation_thg_25.png"},{"id":"image_26","w":750,"h":560,"u":"images/","p":"giftMiddle_animation_thg_26.png"},{"id":"image_27","w":750,"h":560,"u":"images/","p":"giftMiddle_animation_thg_27.png"},{"id":"image_28","w":750,"h":560,"u":"images/","p":"giftMiddle_animation_thg_28.png"},{"id":"image_29","w":750,"h":560,"u":"images/","p":"giftMiddle_animation_thg_29.png"},{"id":"image_30","w":750,"h":560,"u":"images/","p":"giftMiddle_animation_thg_30.png"},{"id":"image_31","w":750,"h":560,"u":"images/","p":"giftMiddle_animation_thg_31.png"},{"id":"comp_0","layers":[{"ddd":0,"ind":1,"ty":2,"nm":"giftMiddle_animation_thg_00.png","cl":"png","refId":"image_0","ks":{"o":{"a":0,"k":100},"r":{"a":0,"k":0},"p":{"a":0,"k":[375,280,0]},"a":{"a":0,"k":[375,280,0]},"s":{"a":0,"k":[100,100,100]}},"ao":0,"ip":0,"op":1,"st":0,"bm":0,"sr":1},{"ddd":0,"ind":2,"ty":2,"nm":"giftMiddle_animation_thg_01.png","cl":"png","refId":"image_1","ks":{"o":{"a":0,"k":100},"r":{"a":0,"k":0},"p":{"a":0,"k":[375,280,0]},"a":{"a":0,"k":[375,280,0]},"s":{"a":0,"k":[100,100,100]}},"ao":0,"ip":1,"op":2,"st":1,"bm":0,"sr":1},{"ddd":0,"ind":3,"ty":2,"nm":"giftMiddle_animation_thg_02.png","cl":"png","refId":"image_2","ks":{"o":{"a":0,"k":100},"r":{"a":0,"k":0},"p":{"a":0,"k":[375,280,0]},"a":{"a":0,"k":[375,280,0]},"s":{"a":0,"k":[100,100,100]}},"ao":0,"ip":2,"op":3,"st":2,"bm":0,"sr":1},{"ddd":0,"ind":4,"ty":2,"nm":"giftMiddle_animation_thg_03.png","cl":"png","refId":"image_3","ks":{"o":{"a":0,"k":100},"r":{"a":0,"k":0},"p":{"a":0,"k":[375,280,0]},"a":{"a":0,"k":[375,280,0]},"s":{"a":0,"k":[100,100,100]}},"ao":0,"ip":3,"op":4,"st":3,"bm":0,"sr":1},{"ddd":0,"ind":5,"ty":2,"nm":"giftMiddle_animation_thg_04.png","cl":"png","refId":"image_4","ks":{"o":{"a":0,"k":100},"r":{"a":0,"k":0},"p":{"a":0,"k":[375,280,0]},"a":{"a":0,"k":[375,280,0]},"s":{"a":0,"k":[100,100,100]}},"ao":0,"ip":4,"op":5,"st":4,"bm":0,"sr":1},{"ddd":0,"ind":6,"ty":2,"nm":"giftMiddle_animation_thg_05.png","cl":"png","refId":"image_5","ks":{"o":{"a":0,"k":100},"r":{"a":0,"k":0},"p":{"a":0,"k":[375,280,0]},"a":{"a":0,"k":[375,280,0]},"s":{"a":0,"k":[100,100,100]}},"ao":0,"ip":5,"op":6,"st":5,"bm":0,"sr":1},{"ddd":0,"ind":7,"ty":2,"nm":"giftMiddle_animation_thg_06.png","cl":"png","refId":"image_6","ks":{"o":{"a":0,"k":100},"r":{"a":0,"k":0},"p":{"a":0,"k":[375,280,0]},"a":{"a":0,"k":[375,280,0]},"s":{"a":0,"k":[100,100,100]}},"ao":0,"ip":6,"op":7,"st":6,"bm":0,"sr":1},{"ddd":0,"ind":8,"ty":2,"nm":"giftMiddle_animation_thg_07.png","cl":"png","refId":"image_7","ks":{"o":{"a":0,"k":100},"r":{"a":0,"k":0},"p":{"a":0,"k":[375,280,0]},"a":{"a":0,"k":[375,280,0]},"s":{"a":0,"k":[100,100,100]}},"ao":0,"ip":7,"op":8,"st":7,"bm":0,"sr":1},{"ddd":0,"ind":9,"ty":2,"nm":"giftMiddle_animation_thg_08.png","cl":"png","refId":"image_8","ks":{"o":{"a":0,"k":100},"r":{"a":0,"k":0},"p":{"a":0,"k":[375,280,0]},"a":{"a":0,"k":[375,280,0]},"s":{"a":0,"k":[100,100,100]}},"ao":0,"ip":8,"op":9,"st":8,"bm":0,"sr":1},{"ddd":0,"ind":10,"ty":2,"nm":"giftMiddle_animation_thg_09.png","cl":"png","refId":"image_9","ks":{"o":{"a":0,"k":100},"r":{"a":0,"k":0},"p":{"a":0,"k":[375,280,0]},"a":{"a":0,"k":[375,280,0]},"s":{"a":0,"k":[100,100,100]}},"ao":0,"ip":9,"op":10,"st":9,"bm":0,"sr":1},{"ddd":0,"ind":11,"ty":2,"nm":"giftMiddle_animation_thg_10.png","cl":"png","refId":"image_10","ks":{"o":{"a":0,"k":100},"r":{"a":0,"k":0},"p":{"a":0,"k":[375,280,0]},"a":{"a":0,"k":[375,280,0]},"s":{"a":0,"k":[100,100,100]}},"ao":0,"ip":10,"op":11,"st":10,"bm":0,"sr":1},{"ddd":0,"ind":12,"ty":2,"nm":"giftMiddle_animation_thg_11.png","cl":"png","refId":"image_11","ks":{"o":{"a":0,"k":100},"r":{"a":0,"k":0},"p":{"a":0,"k":[375,280,0]},"a":{"a":0,"k":[375,280,0]},"s":{"a":0,"k":[100,100,100]}},"ao":0,"ip":11,"op":12,"st":11,"bm":0,"sr":1},{"ddd":0,"ind":13,"ty":2,"nm":"giftMiddle_animation_thg_12.png","cl":"png","refId":"image_12","ks":{"o":{"a":0,"k":100},"r":{"a":0,"k":0},"p":{"a":0,"k":[375,280,0]},"a":{"a":0,"k":[375,280,0]},"s":{"a":0,"k":[100,100,100]}},"ao":0,"ip":12,"op":13,"st":12,"bm":0,"sr":1},{"ddd":0,"ind":14,"ty":2,"nm":"giftMiddle_animation_thg_13.png","cl":"png","refId":"image_13","ks":{"o":{"a":0,"k":100},"r":{"a":0,"k":0},"p":{"a":0,"k":[375,280,0]},"a":{"a":0,"k":[375,280,0]},"s":{"a":0,"k":[100,100,100]}},"ao":0,"ip":13,"op":14,"st":13,"bm":0,"sr":1},{"ddd":0,"ind":15,"ty":2,"nm":"giftMiddle_animation_thg_14.png","cl":"png","refId":"image_14","ks":{"o":{"a":0,"k":100},"r":{"a":0,"k":0},"p":{"a":0,"k":[375,280,0]},"a":{"a":0,"k":[375,280,0]},"s":{"a":0,"k":[100,100,100]}},"ao":0,"ip":14,"op":15,"st":14,"bm":0,"sr":1},{"ddd":0,"ind":16,"ty":2,"nm":"giftMiddle_animation_thg_15.png","cl":"png","refId":"image_15","ks":{"o":{"a":0,"k":100},"r":{"a":0,"k":0},"p":{"a":0,"k":[375,280,0]},"a":{"a":0,"k":[375,280,0]},"s":{"a":0,"k":[100,100,100]}},"ao":0,"ip":15,"op":16,"st":15,"bm":0,"sr":1},{"ddd":0,"ind":17,"ty":2,"nm":"giftMiddle_animation_thg_16.png","cl":"png","refId":"image_16","ks":{"o":{"a":0,"k":100},"r":{"a":0,"k":0},"p":{"a":0,"k":[375,280,0]},"a":{"a":0,"k":[375,280,0]},"s":{"a":0,"k":[100,100,100]}},"ao":0,"ip":16,"op":17,"st":16,"bm":0,"sr":1},{"ddd":0,"ind":18,"ty":2,"nm":"giftMiddle_animation_thg_17.png","cl":"png","refId":"image_17","ks":{"o":{"a":0,"k":100},"r":{"a":0,"k":0},"p":{"a":0,"k":[375,280,0]},"a":{"a":0,"k":[375,280,0]},"s":{"a":0,"k":[100,100,100]}},"ao":0,"ip":17,"op":18,"st":17,"bm":0,"sr":1},{"ddd":0,"ind":19,"ty":2,"nm":"giftMiddle_animation_thg_18.png","cl":"png","refId":"image_18","ks":{"o":{"a":0,"k":100},"r":{"a":0,"k":0},"p":{"a":0,"k":[375,280,0]},"a":{"a":0,"k":[375,280,0]},"s":{"a":0,"k":[100,100,100]}},"ao":0,"ip":18,"op":19,"st":18,"bm":0,"sr":1},{"ddd":0,"ind":20,"ty":2,"nm":"giftMiddle_animation_thg_19.png","cl":"png","refId":"image_19","ks":{"o":{"a":0,"k":100},"r":{"a":0,"k":0},"p":{"a":0,"k":[375,280,0]},"a":{"a":0,"k":[375,280,0]},"s":{"a":0,"k":[100,100,100]}},"ao":0,"ip":19,"op":20,"st":19,"bm":0,"sr":1},{"ddd":0,"ind":21,"ty":2,"nm":"giftMiddle_animation_thg_20.png","cl":"png","refId":"image_20","ks":{"o":{"a":0,"k":100},"r":{"a":0,"k":0},"p":{"a":0,"k":[375,280,0]},"a":{"a":0,"k":[375,280,0]},"s":{"a":0,"k":[100,100,100]}},"ao":0,"ip":20,"op":21,"st":20,"bm":0,"sr":1},{"ddd":0,"ind":22,"ty":2,"nm":"giftMiddle_animation_thg_21.png","cl":"png","refId":"image_21","ks":{"o":{"a":0,"k":100},"r":{"a":0,"k":0},"p":{"a":0,"k":[375,280,0]},"a":{"a":0,"k":[375,280,0]},"s":{"a":0,"k":[100,100,100]}},"ao":0,"ip":21,"op":22,"st":21,"bm":0,"sr":1},{"ddd":0,"ind":23,"ty":2,"nm":"giftMiddle_animation_thg_22.png","cl":"png","refId":"image_22","ks":{"o":{"a":0,"k":100},"r":{"a":0,"k":0},"p":{"a":0,"k":[375,280,0]},"a":{"a":0,"k":[375,280,0]},"s":{"a":0,"k":[100,100,100]}},"ao":0,"ip":22,"op":23,"st":22,"bm":0,"sr":1},{"ddd":0,"ind":24,"ty":2,"nm":"giftMiddle_animation_thg_23.png","cl":"png","refId":"image_23","ks":{"o":{"a":0,"k":100},"r":{"a":0,"k":0},"p":{"a":0,"k":[375,280,0]},"a":{"a":0,"k":[375,280,0]},"s":{"a":0,"k":[100,100,100]}},"ao":0,"ip":23,"op":24,"st":23,"bm":0,"sr":1},{"ddd":0,"ind":25,"ty":2,"nm":"giftMiddle_animation_thg_24.png","cl":"png","refId":"image_24","ks":{"o":{"a":0,"k":100},"r":{"a":0,"k":0},"p":{"a":0,"k":[375,280,0]},"a":{"a":0,"k":[375,280,0]},"s":{"a":0,"k":[100,100,100]}},"ao":0,"ip":24,"op":25,"st":24,"bm":0,"sr":1},{"ddd":0,"ind":26,"ty":2,"nm":"giftMiddle_animation_thg_25.png","cl":"png","refId":"image_25","ks":{"o":{"a":0,"k":100},"r":{"a":0,"k":0},"p":{"a":0,"k":[375,280,0]},"a":{"a":0,"k":[375,280,0]},"s":{"a":0,"k":[100,100,100]}},"ao":0,"ip":25,"op":26,"st":25,"bm":0,"sr":1},{"ddd":0,"ind":27,"ty":2,"nm":"giftMiddle_animation_thg_26.png","cl":"png","refId":"image_26","ks":{"o":{"a":0,"k":100},"r":{"a":0,"k":0},"p":{"a":0,"k":[375,280,0]},"a":{"a":0,"k":[375,280,0]},"s":{"a":0,"k":[100,100,100]}},"ao":0,"ip":26,"op":27,"st":26,"bm":0,"sr":1},{"ddd":0,"ind":28,"ty":2,"nm":"giftMiddle_animation_thg_27.png","cl":"png","refId":"image_27","ks":{"o":{"a":0,"k":100},"r":{"a":0,"k":0},"p":{"a":0,"k":[375,280,0]},"a":{"a":0,"k":[375,280,0]},"s":{"a":0,"k":[100,100,100]}},"ao":0,"ip":27,"op":28,"st":27,"bm":0,"sr":1},{"ddd":0,"ind":29,"ty":2,"nm":"giftMiddle_animation_thg_28.png","cl":"png","refId":"image_28","ks":{"o":{"a":0,"k":100},"r":{"a":0,"k":0},"p":{"a":0,"k":[375,280,0]},"a":{"a":0,"k":[375,280,0]},"s":{"a":0,"k":[100,100,100]}},"ao":0,"ip":28,"op":29,"st":28,"bm":0,"sr":1},{"ddd":0,"ind":30,"ty":2,"nm":"giftMiddle_animation_thg_29.png","cl":"png","refId":"image_29","ks":{"o":{"a":0,"k":100},"r":{"a":0,"k":0},"p":{"a":0,"k":[375,280,0]},"a":{"a":0,"k":[375,280,0]},"s":{"a":0,"k":[100,100,100]}},"ao":0,"ip":29,"op":30,"st":29,"bm":0,"sr":1}]},{"id":"comp_1","layers":[{"ddd":0,"ind":1,"ty":2,"nm":"reqi.png","cl":"png","refId":"image_30","ks":{"o":{"a":1,"k":[{"i":{"x":[0.833],"y":[0.833]},"o":{"x":[0.167],"y":[0.167]},"n":["0p833_0p833_0p167_0p167"],"t":32,"s":[0],"e":[100]},{"i":{"x":[0.833],"y":[0.833]},"o":{"x":[0.167],"y":[0.167]},"n":["0p833_0p833_0p167_0p167"],"t":33,"s":[100],"e":[100]},{"i":{"x":[0.833],"y":[0.833]},"o":{"x":[0.167],"y":[0.167]},"n":["0p833_0p833_0p167_0p167"],"t":37,"s":[100],"e":[0]},{"t":42}]},"r":{"a":0,"k":0},"p":{"a":1,"k":[{"i":{"x":0.833,"y":0.833},"o":{"x":0.167,"y":0.167},"n":"0p833_0p833_0p167_0p167","t":33,"s":[431,324,0],"e":[431,274,0],"to":[0,-12.7053213119507,0],"ti":[0,0,0]},{"i":{"x":0.833,"y":0.833},"o":{"x":0.167,"y":0.167},"n":"0p833_0p833_0p167_0p167","t":37,"s":[431,274,0],"e":[431,244,0],"to":[0,0,0],"ti":[0,0,0]},{"t":41}]},"a":{"a":0,"k":[375,280,0]},"s":{"a":1,"k":[{"i":{"x":[0.833,0.833,0.833],"y":[0.833,0.833,0.833]},"o":{"x":[0.167,0.167,0.167],"y":[0.167,0.167,0.167]},"n":["0p833_0p833_0p167_0p167","0p833_0p833_0p167_0p167","0p833_0p833_0p167_0p167"],"t":32,"s":[5,5,100],"e":[10,10,100]},{"i":{"x":[0.833,0.833,0.833],"y":[0.833,0.833,0.833]},"o":{"x":[0.167,0.167,0.167],"y":[0.167,0.167,0.167]},"n":["0p833_0p833_0p167_0p167","0p833_0p833_0p167_0p167","0p833_0p833_0p167_0p167"],"t":33,"s":[10,10,100],"e":[10,10,100]},{"i":{"x":[0.833,0.833,0.833],"y":[0.833,0.833,0.833]},"o":{"x":[0.167,0.167,0.167],"y":[0.167,0.167,0.167]},"n":["0p833_0p833_0p167_0p167","0p833_0p833_0p167_0p167","0p833_0p833_0p167_0p167"],"t":37,"s":[10,10,100],"e":[10,10,100]},{"t":41}]}},"ao":0,"ip":7,"op":100,"st":7,"bm":0,"sr":1},{"ddd":0,"ind":2,"ty":2,"nm":"reqi.png","cl":"png","refId":"image_30","ks":{"o":{"a":1,"k":[{"i":{"x":[0.833],"y":[0.833]},"o":{"x":[0.167],"y":[0.167]},"n":["0p833_0p833_0p167_0p167"],"t":66,"s":[0],"e":[100]},{"i":{"x":[0.833],"y":[0.833]},"o":{"x":[0.167],"y":[0.167]},"n":["0p833_0p833_0p167_0p167"],"t":67,"s":[100],"e":[100]},{"i":{"x":[0.833],"y":[0.833]},"o":{"x":[0.167],"y":[0.167]},"n":["0p833_0p833_0p167_0p167"],"t":71,"s":[100],"e":[0]},{"t":76}]},"r":{"a":0,"k":0},"p":{"a":1,"k":[{"i":{"x":0.833,"y":0.833},"o":{"x":0.167,"y":0.167},"n":"0p833_0p833_0p167_0p167","t":67,"s":[431,324,0],"e":[431,274,0],"to":[0,-12.7053213119507,0],"ti":[0,0,0]},{"i":{"x":0.833,"y":0.833},"o":{"x":0.167,"y":0.167},"n":"0p833_0p833_0p167_0p167","t":71,"s":[431,274,0],"e":[431,244,0],"to":[0,0,0],"ti":[0,0,0]},{"t":75}]},"a":{"a":0,"k":[375,280,0]},"s":{"a":1,"k":[{"i":{"x":[0.833,0.833,0.833],"y":[0.833,0.833,0.833]},"o":{"x":[0.167,0.167,0.167],"y":[0.167,0.167,0.167]},"n":["0p833_0p833_0p167_0p167","0p833_0p833_0p167_0p167","0p833_0p833_0p167_0p167"],"t":66,"s":[5,5,100],"e":[10,10,100]},{"i":{"x":[0.833,0.833,0.833],"y":[0.833,0.833,0.833]},"o":{"x":[0.167,0.167,0.167],"y":[0.167,0.167,0.167]},"n":["0p833_0p833_0p167_0p167","0p833_0p833_0p167_0p167","0p833_0p833_0p167_0p167"],"t":67,"s":[10,10,100],"e":[10,10,100]},{"i":{"x":[0.833,0.833,0.833],"y":[0.833,0.833,0.833]},"o":{"x":[0.167,0.167,0.167],"y":[0.167,0.167,0.167]},"n":["0p833_0p833_0p167_0p167","0p833_0p833_0p167_0p167","0p833_0p833_0p167_0p167"],"t":71,"s":[10,10,100],"e":[10,10,100]},{"t":75}]}},"ao":0,"ip":7,"op":100,"st":7,"bm":0,"sr":1},{"ddd":0,"ind":3,"ty":2,"nm":"reqi.png","cl":"png","refId":"image_30","ks":{"o":{"a":1,"k":[{"i":{"x":[0.833],"y":[0.833]},"o":{"x":[0.167],"y":[0.167]},"n":["0p833_0p833_0p167_0p167"],"t":99,"s":[0],"e":[100]},{"i":{"x":[0.833],"y":[0.833]},"o":{"x":[0.167],"y":[0.167]},"n":["0p833_0p833_0p167_0p167"],"t":100,"s":[100],"e":[100]},{"i":{"x":[0.833],"y":[0.833]},"o":{"x":[0.167],"y":[0.167]},"n":["0p833_0p833_0p167_0p167"],"t":104,"s":[100],"e":[0]},{"t":109}]},"r":{"a":0,"k":0},"p":{"a":1,"k":[{"i":{"x":0.833,"y":0.833},"o":{"x":0.167,"y":0.167},"n":"0p833_0p833_0p167_0p167","t":100,"s":[431,324,0],"e":[431,274,0],"to":[0,-12.7053213119507,0],"ti":[0,0,0]},{"i":{"x":0.833,"y":0.833},"o":{"x":0.167,"y":0.167},"n":"0p833_0p833_0p167_0p167","t":104,"s":[431,274,0],"e":[431,244,0],"to":[0,0,0],"ti":[0,0,0]},{"t":108}]},"a":{"a":0,"k":[375,280,0]},"s":{"a":1,"k":[{"i":{"x":[0.833,0.833,0.833],"y":[0.833,0.833,0.833]},"o":{"x":[0.167,0.167,0.167],"y":[0.167,0.167,0.167]},"n":["0p833_0p833_0p167_0p167","0p833_0p833_0p167_0p167","0p833_0p833_0p167_0p167"],"t":99,"s":[5,5,100],"e":[10,10,100]},{"i":{"x":[0.833,0.833,0.833],"y":[0.833,0.833,0.833]},"o":{"x":[0.167,0.167,0.167],"y":[0.167,0.167,0.167]},"n":["0p833_0p833_0p167_0p167","0p833_0p833_0p167_0p167","0p833_0p833_0p167_0p167"],"t":100,"s":[10,10,100],"e":[10,10,100]},{"i":{"x":[0.833,0.833,0.833],"y":[0.833,0.833,0.833]},"o":{"x":[0.167,0.167,0.167],"y":[0.167,0.167,0.167]},"n":["0p833_0p833_0p167_0p167","0p833_0p833_0p167_0p167","0p833_0p833_0p167_0p167"],"t":104,"s":[10,10,100],"e":[10,10,100]},{"t":108}]}},"ao":0,"ip":7,"op":100,"st":7,"bm":0,"sr":1},{"ddd":0,"ind":4,"ty":2,"nm":"reqi.png","cl":"png","refId":"image_30","ks":{"o":{"a":1,"k":[{"i":{"x":[0.833],"y":[0.833]},"o":{"x":[0.167],"y":[0.167]},"n":["0p833_0p833_0p167_0p167"],"t":36,"s":[0],"e":[100]},{"i":{"x":[0.833],"y":[0.833]},"o":{"x":[0.167],"y":[0.167]},"n":["0p833_0p833_0p167_0p167"],"t":37,"s":[100],"e":[100]},{"i":{"x":[0.833],"y":[0.833]},"o":{"x":[0.167],"y":[0.167]},"n":["0p833_0p833_0p167_0p167"],"t":41,"s":[100],"e":[0]},{"t":46}]},"r":{"a":0,"k":0},"p":{"a":1,"k":[{"i":{"x":0.833,"y":0.833},"o":{"x":0.167,"y":0.167},"n":"0p833_0p833_0p167_0p167","t":37,"s":[276,326,0],"e":[276,276,0],"to":[0,-12.7053213119507,0],"ti":[0,0,0]},{"i":{"x":0.833,"y":0.833},"o":{"x":0.167,"y":0.167},"n":"0p833_0p833_0p167_0p167","t":41,"s":[276,276,0],"e":[276,246,0],"to":[0,0,0],"ti":[0,0,0]},{"t":45}]},"a":{"a":0,"k":[375,280,0]},"s":{"a":1,"k":[{"i":{"x":[0.833,0.833,0.833],"y":[0.833,0.833,0.833]},"o":{"x":[0.167,0.167,0.167],"y":[0.167,0.167,0.167]},"n":["0p833_0p833_0p167_0p167","0p833_0p833_0p167_0p167","0p833_0p833_0p167_0p167"],"t":36,"s":[5,5,100],"e":[10,10,100]},{"i":{"x":[0.833,0.833,0.833],"y":[0.833,0.833,0.833]},"o":{"x":[0.167,0.167,0.167],"y":[0.167,0.167,0.167]},"n":["0p833_0p833_0p167_0p167","0p833_0p833_0p167_0p167","0p833_0p833_0p167_0p167"],"t":37,"s":[10,10,100],"e":[10,10,100]},{"i":{"x":[0.833,0.833,0.833],"y":[0.833,0.833,0.833]},"o":{"x":[0.167,0.167,0.167],"y":[0.167,0.167,0.167]},"n":["0p833_0p833_0p167_0p167","0p833_0p833_0p167_0p167","0p833_0p833_0p167_0p167"],"t":41,"s":[10,10,100],"e":[10,10,100]},{"t":45}]}},"ao":0,"ip":7,"op":100,"st":7,"bm":0,"sr":1},{"ddd":0,"ind":5,"ty":2,"nm":"reqi.png","cl":"png","refId":"image_30","ks":{"o":{"a":1,"k":[{"i":{"x":[0.833],"y":[0.833]},"o":{"x":[0.167],"y":[0.167]},"n":["0p833_0p833_0p167_0p167"],"t":70,"s":[0],"e":[100]},{"i":{"x":[0.833],"y":[0.833]},"o":{"x":[0.167],"y":[0.167]},"n":["0p833_0p833_0p167_0p167"],"t":71,"s":[100],"e":[100]},{"i":{"x":[0.833],"y":[0.833]},"o":{"x":[0.167],"y":[0.167]},"n":["0p833_0p833_0p167_0p167"],"t":75,"s":[100],"e":[0]},{"t":80}]},"r":{"a":0,"k":0},"p":{"a":1,"k":[{"i":{"x":0.833,"y":0.833},"o":{"x":0.167,"y":0.167},"n":"0p833_0p833_0p167_0p167","t":71,"s":[276,326,0],"e":[276,276,0],"to":[0,-12.7053213119507,0],"ti":[0,0,0]},{"i":{"x":0.833,"y":0.833},"o":{"x":0.167,"y":0.167},"n":"0p833_0p833_0p167_0p167","t":75,"s":[276,276,0],"e":[276,246,0],"to":[0,0,0],"ti":[0,0,0]},{"t":79}]},"a":{"a":0,"k":[375,280,0]},"s":{"a":1,"k":[{"i":{"x":[0.833,0.833,0.833],"y":[0.833,0.833,0.833]},"o":{"x":[0.167,0.167,0.167],"y":[0.167,0.167,0.167]},"n":["0p833_0p833_0p167_0p167","0p833_0p833_0p167_0p167","0p833_0p833_0p167_0p167"],"t":70,"s":[5,5,100],"e":[10,10,100]},{"i":{"x":[0.833,0.833,0.833],"y":[0.833,0.833,0.833]},"o":{"x":[0.167,0.167,0.167],"y":[0.167,0.167,0.167]},"n":["0p833_0p833_0p167_0p167","0p833_0p833_0p167_0p167","0p833_0p833_0p167_0p167"],"t":71,"s":[10,10,100],"e":[10,10,100]},{"i":{"x":[0.833,0.833,0.833],"y":[0.833,0.833,0.833]},"o":{"x":[0.167,0.167,0.167],"y":[0.167,0.167,0.167]},"n":["0p833_0p833_0p167_0p167","0p833_0p833_0p167_0p167","0p833_0p833_0p167_0p167"],"t":75,"s":[10,10,100],"e":[10,10,100]},{"t":79}]}},"ao":0,"ip":7,"op":100,"st":7,"bm":0,"sr":1},{"ddd":0,"ind":6,"ty":2,"nm":"reqi.png","cl":"png","refId":"image_30","ks":{"o":{"a":1,"k":[{"i":{"x":[0.833],"y":[0.833]},"o":{"x":[0.167],"y":[0.167]},"n":["0p833_0p833_0p167_0p167"],"t":103,"s":[0],"e":[100]},{"i":{"x":[0.833],"y":[0.833]},"o":{"x":[0.167],"y":[0.167]},"n":["0p833_0p833_0p167_0p167"],"t":104,"s":[100],"e":[100]},{"i":{"x":[0.833],"y":[0.833]},"o":{"x":[0.167],"y":[0.167]},"n":["0p833_0p833_0p167_0p167"],"t":108,"s":[100],"e":[0]},{"t":113}]},"r":{"a":0,"k":0},"p":{"a":1,"k":[{"i":{"x":0.833,"y":0.833},"o":{"x":0.167,"y":0.167},"n":"0p833_0p833_0p167_0p167","t":104,"s":[276,326,0],"e":[276,276,0],"to":[0,-12.7053213119507,0],"ti":[0,0,0]},{"i":{"x":0.833,"y":0.833},"o":{"x":0.167,"y":0.167},"n":"0p833_0p833_0p167_0p167","t":108,"s":[276,276,0],"e":[276,246,0],"to":[0,0,0],"ti":[0,0,0]},{"t":112}]},"a":{"a":0,"k":[375,280,0]},"s":{"a":1,"k":[{"i":{"x":[0.833,0.833,0.833],"y":[0.833,0.833,0.833]},"o":{"x":[0.167,0.167,0.167],"y":[0.167,0.167,0.167]},"n":["0p833_0p833_0p167_0p167","0p833_0p833_0p167_0p167","0p833_0p833_0p167_0p167"],"t":103,"s":[5,5,100],"e":[10,10,100]},{"i":{"x":[0.833,0.833,0.833],"y":[0.833,0.833,0.833]},"o":{"x":[0.167,0.167,0.167],"y":[0.167,0.167,0.167]},"n":["0p833_0p833_0p167_0p167","0p833_0p833_0p167_0p167","0p833_0p833_0p167_0p167"],"t":104,"s":[10,10,100],"e":[10,10,100]},{"i":{"x":[0.833,0.833,0.833],"y":[0.833,0.833,0.833]},"o":{"x":[0.167,0.167,0.167],"y":[0.167,0.167,0.167]},"n":["0p833_0p833_0p167_0p167","0p833_0p833_0p167_0p167","0p833_0p833_0p167_0p167"],"t":108,"s":[10,10,100],"e":[10,10,100]},{"t":112}]}},"ao":0,"ip":7,"op":100,"st":7,"bm":0,"sr":1},{"ddd":0,"ind":7,"ty":2,"nm":"reqi.png","cl":"png","refId":"image_30","ks":{"o":{"a":1,"k":[{"i":{"x":[0.833],"y":[0.833]},"o":{"x":[0.167],"y":[0.167]},"n":["0p833_0p833_0p167_0p167"],"t":40,"s":[0],"e":[100]},{"i":{"x":[0.833],"y":[0.833]},"o":{"x":[0.167],"y":[0.167]},"n":["0p833_0p833_0p167_0p167"],"t":41,"s":[100],"e":[100]},{"i":{"x":[0.833],"y":[0.833]},"o":{"x":[0.167],"y":[0.167]},"n":["0p833_0p833_0p167_0p167"],"t":45,"s":[100],"e":[0]},{"t":50}]},"r":{"a":0,"k":0},"p":{"a":1,"k":[{"i":{"x":0.833,"y":0.833},"o":{"x":0.167,"y":0.167},"n":"0p833_0p833_0p167_0p167","t":41,"s":[461,224,0],"e":[461,174,0],"to":[0,-12.7053213119507,0],"ti":[0,0,0]},{"i":{"x":0.833,"y":0.833},"o":{"x":0.167,"y":0.167},"n":"0p833_0p833_0p167_0p167","t":45,"s":[461,174,0],"e":[461,144,0],"to":[0,0,0],"ti":[0,0,0]},{"t":49}]},"a":{"a":0,"k":[375,280,0]},"s":{"a":1,"k":[{"i":{"x":[0.833,0.833,0.833],"y":[0.833,0.833,0.833]},"o":{"x":[0.167,0.167,0.167],"y":[0.167,0.167,0.167]},"n":["0p833_0p833_0p167_0p167","0p833_0p833_0p167_0p167","0p833_0p833_0p167_0p167"],"t":40,"s":[5,5,100],"e":[10,10,100]},{"i":{"x":[0.833,0.833,0.833],"y":[0.833,0.833,0.833]},"o":{"x":[0.167,0.167,0.167],"y":[0.167,0.167,0.167]},"n":["0p833_0p833_0p167_0p167","0p833_0p833_0p167_0p167","0p833_0p833_0p167_0p167"],"t":41,"s":[10,10,100],"e":[10,10,100]},{"i":{"x":[0.833,0.833,0.833],"y":[0.833,0.833,0.833]},"o":{"x":[0.167,0.167,0.167],"y":[0.167,0.167,0.167]},"n":["0p833_0p833_0p167_0p167","0p833_0p833_0p167_0p167","0p833_0p833_0p167_0p167"],"t":45,"s":[10,10,100],"e":[10,10,100]},{"t":49}]}},"ao":0,"ip":7,"op":100,"st":7,"bm":0,"sr":1},{"ddd":0,"ind":8,"ty":2,"nm":"reqi.png","cl":"png","refId":"image_30","ks":{"o":{"a":1,"k":[{"i":{"x":[0.833],"y":[0.833]},"o":{"x":[0.167],"y":[0.167]},"n":["0p833_0p833_0p167_0p167"],"t":74,"s":[0],"e":[100]},{"i":{"x":[0.833],"y":[0.833]},"o":{"x":[0.167],"y":[0.167]},"n":["0p833_0p833_0p167_0p167"],"t":75,"s":[100],"e":[100]},{"i":{"x":[0.833],"y":[0.833]},"o":{"x":[0.167],"y":[0.167]},"n":["0p833_0p833_0p167_0p167"],"t":79,"s":[100],"e":[0]},{"t":84}]},"r":{"a":0,"k":0},"p":{"a":1,"k":[{"i":{"x":0.833,"y":0.833},"o":{"x":0.167,"y":0.167},"n":"0p833_0p833_0p167_0p167","t":75,"s":[461,224,0],"e":[461,174,0],"to":[0,-12.7053213119507,0],"ti":[0,0,0]},{"i":{"x":0.833,"y":0.833},"o":{"x":0.167,"y":0.167},"n":"0p833_0p833_0p167_0p167","t":79,"s":[461,174,0],"e":[461,144,0],"to":[0,0,0],"ti":[0,0,0]},{"t":83}]},"a":{"a":0,"k":[375,280,0]},"s":{"a":1,"k":[{"i":{"x":[0.833,0.833,0.833],"y":[0.833,0.833,0.833]},"o":{"x":[0.167,0.167,0.167],"y":[0.167,0.167,0.167]},"n":["0p833_0p833_0p167_0p167","0p833_0p833_0p167_0p167","0p833_0p833_0p167_0p167"],"t":74,"s":[5,5,100],"e":[10,10,100]},{"i":{"x":[0.833,0.833,0.833],"y":[0.833,0.833,0.833]},"o":{"x":[0.167,0.167,0.167],"y":[0.167,0.167,0.167]},"n":["0p833_0p833_0p167_0p167","0p833_0p833_0p167_0p167","0p833_0p833_0p167_0p167"],"t":75,"s":[10,10,100],"e":[10,10,100]},{"i":{"x":[0.833,0.833,0.833],"y":[0.833,0.833,0.833]},"o":{"x":[0.167,0.167,0.167],"y":[0.167,0.167,0.167]},"n":["0p833_0p833_0p167_0p167","0p833_0p833_0p167_0p167","0p833_0p833_0p167_0p167"],"t":79,"s":[10,10,100],"e":[10,10,100]},{"t":83}]}},"ao":0,"ip":7,"op":100,"st":7,"bm":0,"sr":1},{"ddd":0,"ind":9,"ty":2,"nm":"reqi.png","cl":"png","refId":"image_30","ks":{"o":{"a":1,"k":[{"i":{"x":[0.833],"y":[0.833]},"o":{"x":[0.167],"y":[0.167]},"n":["0p833_0p833_0p167_0p167"],"t":107,"s":[0],"e":[100]},{"i":{"x":[0.833],"y":[0.833]},"o":{"x":[0.167],"y":[0.167]},"n":["0p833_0p833_0p167_0p167"],"t":108,"s":[100],"e":[100]},{"i":{"x":[0.833],"y":[0.833]},"o":{"x":[0.167],"y":[0.167]},"n":["0p833_0p833_0p167_0p167"],"t":112,"s":[100],"e":[0]},{"t":117}]},"r":{"a":0,"k":0},"p":{"a":1,"k":[{"i":{"x":0.833,"y":0.833},"o":{"x":0.167,"y":0.167},"n":"0p833_0p833_0p167_0p167","t":108,"s":[461,224,0],"e":[461,174,0],"to":[0,-12.7053213119507,0],"ti":[0,0,0]},{"i":{"x":0.833,"y":0.833},"o":{"x":0.167,"y":0.167},"n":"0p833_0p833_0p167_0p167","t":112,"s":[461,174,0],"e":[461,144,0],"to":[0,0,0],"ti":[0,0,0]},{"t":116}]},"a":{"a":0,"k":[375,280,0]},"s":{"a":1,"k":[{"i":{"x":[0.833,0.833,0.833],"y":[0.833,0.833,0.833]},"o":{"x":[0.167,0.167,0.167],"y":[0.167,0.167,0.167]},"n":["0p833_0p833_0p167_0p167","0p833_0p833_0p167_0p167","0p833_0p833_0p167_0p167"],"t":107,"s":[5,5,100],"e":[10,10,100]},{"i":{"x":[0.833,0.833,0.833],"y":[0.833,0.833,0.833]},"o":{"x":[0.167,0.167,0.167],"y":[0.167,0.167,0.167]},"n":["0p833_0p833_0p167_0p167","0p833_0p833_0p167_0p167","0p833_0p833_0p167_0p167"],"t":108,"s":[10,10,100],"e":[10,10,100]},{"i":{"x":[0.833,0.833,0.833],"y":[0.833,0.833,0.833]},"o":{"x":[0.167,0.167,0.167],"y":[0.167,0.167,0.167]},"n":["0p833_0p833_0p167_0p167","0p833_0p833_0p167_0p167","0p833_0p833_0p167_0p167"],"t":112,"s":[10,10,100],"e":[10,10,100]},{"t":116}]}},"ao":0,"ip":7,"op":100,"st":7,"bm":0,"sr":1},{"ddd":0,"ind":10,"ty":2,"nm":"reqi.png","cl":"png","refId":"image_30","ks":{"o":{"a":1,"k":[{"i":{"x":[0.833],"y":[0.833]},"o":{"x":[0.167],"y":[0.167]},"n":["0p833_0p833_0p167_0p167"],"t":32,"s":[0],"e":[100]},{"i":{"x":[0.833],"y":[0.833]},"o":{"x":[0.167],"y":[0.167]},"n":["0p833_0p833_0p167_0p167"],"t":33,"s":[100],"e":[100]},{"i":{"x":[0.833],"y":[0.833]},"o":{"x":[0.167],"y":[0.167]},"n":["0p833_0p833_0p167_0p167"],"t":38,"s":[100],"e":[0]},{"t":43}]},"r":{"a":0,"k":0},"p":{"a":1,"k":[{"i":{"x":0.833,"y":0.833},"o":{"x":0.167,"y":0.167},"n":"0p833_0p833_0p167_0p167","t":33,"s":[373,301,0],"e":[373,231,0],"to":[0,-12.7053213119507,0],"ti":[0,0,0]},{"i":{"x":0.833,"y":0.833},"o":{"x":0.167,"y":0.167},"n":"0p833_0p833_0p167_0p167","t":38,"s":[373,231,0],"e":[373,191,0],"to":[0,0,0],"ti":[0,0,0]},{"t":42}]},"a":{"a":0,"k":[375,280,0]},"s":{"a":1,"k":[{"i":{"x":[0.833,0.833,0.833],"y":[0.833,0.833,0.833]},"o":{"x":[0.167,0.167,0.167],"y":[0.167,0.167,0.167]},"n":["0p833_0p833_0p167_0p167","0p833_0p833_0p167_0p167","0p833_0p833_0p167_0p167"],"t":33,"s":[20,20,100],"e":[20,20,100]},{"i":{"x":[0.833,0.833,0.833],"y":[0.833,0.833,0.833]},"o":{"x":[0.167,0.167,0.167],"y":[0.167,0.167,0.167]},"n":["0p833_0p833_0p167_0p167","0p833_0p833_0p167_0p167","0p833_0p833_0p167_0p167"],"t":38,"s":[20,20,100],"e":[5,5,100]},{"t":42}]}},"ao":0,"ip":7,"op":100,"st":7,"bm":0,"sr":1},{"ddd":0,"ind":11,"ty":2,"nm":"reqi.png","cl":"png","refId":"image_30","ks":{"o":{"a":1,"k":[{"i":{"x":[0.833],"y":[0.833]},"o":{"x":[0.167],"y":[0.167]},"n":["0p833_0p833_0p167_0p167"],"t":51,"s":[0],"e":[100]},{"i":{"x":[0.833],"y":[0.833]},"o":{"x":[0.167],"y":[0.167]},"n":["0p833_0p833_0p167_0p167"],"t":52,"s":[100],"e":[100]},{"i":{"x":[0.833],"y":[0.833]},"o":{"x":[0.167],"y":[0.167]},"n":["0p833_0p833_0p167_0p167"],"t":57,"s":[100],"e":[0]},{"t":62}]},"r":{"a":0,"k":0},"p":{"a":1,"k":[{"i":{"x":0.833,"y":0.833},"o":{"x":0.167,"y":0.167},"n":"0p833_0p833_0p167_0p167","t":52,"s":[373,301,0],"e":[373,231,0],"to":[0,-12.7053213119507,0],"ti":[0,0,0]},{"i":{"x":0.833,"y":0.833},"o":{"x":0.167,"y":0.167},"n":"0p833_0p833_0p167_0p167","t":57,"s":[373,231,0],"e":[373,191,0],"to":[0,0,0],"ti":[0,0,0]},{"t":61}]},"a":{"a":0,"k":[375,280,0]},"s":{"a":1,"k":[{"i":{"x":[0.833,0.833,0.833],"y":[0.833,0.833,0.833]},"o":{"x":[0.167,0.167,0.167],"y":[0.167,0.167,0.167]},"n":["0p833_0p833_0p167_0p167","0p833_0p833_0p167_0p167","0p833_0p833_0p167_0p167"],"t":52,"s":[20,20,100],"e":[20,20,100]},{"i":{"x":[0.833,0.833,0.833],"y":[0.833,0.833,0.833]},"o":{"x":[0.167,0.167,0.167],"y":[0.167,0.167,0.167]},"n":["0p833_0p833_0p167_0p167","0p833_0p833_0p167_0p167","0p833_0p833_0p167_0p167"],"t":57,"s":[20,20,100],"e":[5,5,100]},{"t":61}]}},"ao":0,"ip":7,"op":100,"st":7,"bm":0,"sr":1},{"ddd":0,"ind":12,"ty":2,"nm":"reqi.png","cl":"png","refId":"image_30","ks":{"o":{"a":1,"k":[{"i":{"x":[0.833],"y":[0.833]},"o":{"x":[0.167],"y":[0.167]},"n":["0p833_0p833_0p167_0p167"],"t":71,"s":[0],"e":[100]},{"i":{"x":[0.833],"y":[0.833]},"o":{"x":[0.167],"y":[0.167]},"n":["0p833_0p833_0p167_0p167"],"t":72,"s":[100],"e":[100]},{"i":{"x":[0.833],"y":[0.833]},"o":{"x":[0.167],"y":[0.167]},"n":["0p833_0p833_0p167_0p167"],"t":77,"s":[100],"e":[0]},{"t":82}]},"r":{"a":0,"k":0},"p":{"a":1,"k":[{"i":{"x":0.833,"y":0.833},"o":{"x":0.167,"y":0.167},"n":"0p833_0p833_0p167_0p167","t":72,"s":[373,301,0],"e":[373,231,0],"to":[0,-12.7053213119507,0],"ti":[0,0,0]},{"i":{"x":0.833,"y":0.833},"o":{"x":0.167,"y":0.167},"n":"0p833_0p833_0p167_0p167","t":77,"s":[373,231,0],"e":[373,191,0],"to":[0,0,0],"ti":[0,0,0]},{"t":81}]},"a":{"a":0,"k":[375,280,0]},"s":{"a":1,"k":[{"i":{"x":[0.833,0.833,0.833],"y":[0.833,0.833,0.833]},"o":{"x":[0.167,0.167,0.167],"y":[0.167,0.167,0.167]},"n":["0p833_0p833_0p167_0p167","0p833_0p833_0p167_0p167","0p833_0p833_0p167_0p167"],"t":72,"s":[20,20,100],"e":[20,20,100]},{"i":{"x":[0.833,0.833,0.833],"y":[0.833,0.833,0.833]},"o":{"x":[0.167,0.167,0.167],"y":[0.167,0.167,0.167]},"n":["0p833_0p833_0p167_0p167","0p833_0p833_0p167_0p167","0p833_0p833_0p167_0p167"],"t":77,"s":[20,20,100],"e":[5,5,100]},{"t":81}]}},"ao":0,"ip":7,"op":100,"st":7,"bm":0,"sr":1},{"ddd":0,"ind":13,"ty":2,"nm":"reqi.png","cl":"png","refId":"image_30","ks":{"o":{"a":1,"k":[{"i":{"x":[0.833],"y":[0.833]},"o":{"x":[0.167],"y":[0.167]},"n":["0p833_0p833_0p167_0p167"],"t":91,"s":[0],"e":[100]},{"i":{"x":[0.833],"y":[0.833]},"o":{"x":[0.167],"y":[0.167]},"n":["0p833_0p833_0p167_0p167"],"t":92,"s":[100],"e":[100]},{"i":{"x":[0.833],"y":[0.833]},"o":{"x":[0.167],"y":[0.167]},"n":["0p833_0p833_0p167_0p167"],"t":97,"s":[100],"e":[0]},{"t":102}]},"r":{"a":0,"k":0},"p":{"a":1,"k":[{"i":{"x":0.833,"y":0.833},"o":{"x":0.167,"y":0.167},"n":"0p833_0p833_0p167_0p167","t":92,"s":[373,301,0],"e":[373,231,0],"to":[0,-12.7053213119507,0],"ti":[0,0,0]},{"i":{"x":0.833,"y":0.833},"o":{"x":0.167,"y":0.167},"n":"0p833_0p833_0p167_0p167","t":97,"s":[373,231,0],"e":[373,191,0],"to":[0,0,0],"ti":[0,0,0]},{"t":101}]},"a":{"a":0,"k":[375,280,0]},"s":{"a":1,"k":[{"i":{"x":[0.833,0.833,0.833],"y":[0.833,0.833,0.833]},"o":{"x":[0.167,0.167,0.167],"y":[0.167,0.167,0.167]},"n":["0p833_0p833_0p167_0p167","0p833_0p833_0p167_0p167","0p833_0p833_0p167_0p167"],"t":92,"s":[20,20,100],"e":[20,20,100]},{"i":{"x":[0.833,0.833,0.833],"y":[0.833,0.833,0.833]},"o":{"x":[0.167,0.167,0.167],"y":[0.167,0.167,0.167]},"n":["0p833_0p833_0p167_0p167","0p833_0p833_0p167_0p167","0p833_0p833_0p167_0p167"],"t":97,"s":[20,20,100],"e":[5,5,100]},{"t":101}]}},"ao":0,"ip":7,"op":100,"st":7,"bm":0,"sr":1},{"ddd":0,"ind":14,"ty":2,"nm":"reqi.png","cl":"png","refId":"image_30","ks":{"o":{"a":1,"k":[{"i":{"x":[0.833],"y":[0.833]},"o":{"x":[0.167],"y":[0.167]},"n":["0p833_0p833_0p167_0p167"],"t":111,"s":[0],"e":[100]},{"i":{"x":[0.833],"y":[0.833]},"o":{"x":[0.167],"y":[0.167]},"n":["0p833_0p833_0p167_0p167"],"t":112,"s":[100],"e":[100]},{"i":{"x":[0.833],"y":[0.833]},"o":{"x":[0.167],"y":[0.167]},"n":["0p833_0p833_0p167_0p167"],"t":117,"s":[100],"e":[0]},{"t":122}]},"r":{"a":0,"k":0},"p":{"a":1,"k":[{"i":{"x":0.833,"y":0.833},"o":{"x":0.167,"y":0.167},"n":"0p833_0p833_0p167_0p167","t":112,"s":[373,301,0],"e":[373,231,0],"to":[0,-12.7053213119507,0],"ti":[0,0,0]},{"i":{"x":0.833,"y":0.833},"o":{"x":0.167,"y":0.167},"n":"0p833_0p833_0p167_0p167","t":117,"s":[373,231,0],"e":[373,191,0],"to":[0,0,0],"ti":[0,0,0]},{"t":121}]},"a":{"a":0,"k":[375,280,0]},"s":{"a":1,"k":[{"i":{"x":[0.833,0.833,0.833],"y":[0.833,0.833,0.833]},"o":{"x":[0.167,0.167,0.167],"y":[0.167,0.167,0.167]},"n":["0p833_0p833_0p167_0p167","0p833_0p833_0p167_0p167","0p833_0p833_0p167_0p167"],"t":112,"s":[20,20,100],"e":[20,20,100]},{"i":{"x":[0.833,0.833,0.833],"y":[0.833,0.833,0.833]},"o":{"x":[0.167,0.167,0.167],"y":[0.167,0.167,0.167]},"n":["0p833_0p833_0p167_0p167","0p833_0p833_0p167_0p167","0p833_0p833_0p167_0p167"],"t":117,"s":[20,20,100],"e":[5,5,100]},{"t":121}]}},"ao":0,"ip":7,"op":100,"st":7,"bm":0,"sr":1},{"ddd":0,"ind":15,"ty":2,"nm":"reqi.png","cl":"png","refId":"image_30","ks":{"o":{"a":1,"k":[{"i":{"x":[0.833],"y":[0.833]},"o":{"x":[0.167],"y":[0.167]},"n":["0p833_0p833_0p167_0p167"],"t":27,"s":[0],"e":[100]},{"i":{"x":[0.833],"y":[0.833]},"o":{"x":[0.167],"y":[0.167]},"n":["0p833_0p833_0p167_0p167"],"t":28,"s":[100],"e":[100]},{"i":{"x":[0.833],"y":[0.833]},"o":{"x":[0.167],"y":[0.167]},"n":["0p833_0p833_0p167_0p167"],"t":33,"s":[100],"e":[0]},{"t":38}]},"r":{"a":0,"k":0},"p":{"a":1,"k":[{"i":{"x":0.833,"y":0.833},"o":{"x":0.167,"y":0.167},"n":"0p833_0p833_0p167_0p167","t":28,"s":[473,271,0],"e":[473,201,0],"to":[0,-12.7053213119507,0],"ti":[0,0,0]},{"i":{"x":0.833,"y":0.833},"o":{"x":0.167,"y":0.167},"n":"0p833_0p833_0p167_0p167","t":33,"s":[473,201,0],"e":[473,161,0],"to":[0,0,0],"ti":[0,0,0]},{"t":37}]},"a":{"a":0,"k":[375,280,0]},"s":{"a":1,"k":[{"i":{"x":[0.833,0.833,0.833],"y":[0.833,0.833,0.833]},"o":{"x":[0.167,0.167,0.167],"y":[0.167,0.167,0.167]},"n":["0p833_0p833_0p167_0p167","0p833_0p833_0p167_0p167","0p833_0p833_0p167_0p167"],"t":28,"s":[20,20,100],"e":[20,20,100]},{"i":{"x":[0.833,0.833,0.833],"y":[0.833,0.833,0.833]},"o":{"x":[0.167,0.167,0.167],"y":[0.167,0.167,0.167]},"n":["0p833_0p833_0p167_0p167","0p833_0p833_0p167_0p167","0p833_0p833_0p167_0p167"],"t":33,"s":[20,20,100],"e":[5,5,100]},{"t":37}]}},"ao":0,"ip":7,"op":100,"st":7,"bm":0,"sr":1},{"ddd":0,"ind":16,"ty":2,"nm":"reqi.png","cl":"png","refId":"image_30","ks":{"o":{"a":1,"k":[{"i":{"x":[0.833],"y":[0.833]},"o":{"x":[0.167],"y":[0.167]},"n":["0p833_0p833_0p167_0p167"],"t":46,"s":[0],"e":[100]},{"i":{"x":[0.833],"y":[0.833]},"o":{"x":[0.167],"y":[0.167]},"n":["0p833_0p833_0p167_0p167"],"t":47,"s":[100],"e":[100]},{"i":{"x":[0.833],"y":[0.833]},"o":{"x":[0.167],"y":[0.167]},"n":["0p833_0p833_0p167_0p167"],"t":52,"s":[100],"e":[0]},{"t":57}]},"r":{"a":0,"k":0},"p":{"a":1,"k":[{"i":{"x":0.833,"y":0.833},"o":{"x":0.167,"y":0.167},"n":"0p833_0p833_0p167_0p167","t":47,"s":[473,271,0],"e":[473,201,0],"to":[0,-12.7053213119507,0],"ti":[0,0,0]},{"i":{"x":0.833,"y":0.833},"o":{"x":0.167,"y":0.167},"n":"0p833_0p833_0p167_0p167","t":52,"s":[473,201,0],"e":[473,161,0],"to":[0,0,0],"ti":[0,0,0]},{"t":56}]},"a":{"a":0,"k":[375,280,0]},"s":{"a":1,"k":[{"i":{"x":[0.833,0.833,0.833],"y":[0.833,0.833,0.833]},"o":{"x":[0.167,0.167,0.167],"y":[0.167,0.167,0.167]},"n":["0p833_0p833_0p167_0p167","0p833_0p833_0p167_0p167","0p833_0p833_0p167_0p167"],"t":47,"s":[20,20,100],"e":[20,20,100]},{"i":{"x":[0.833,0.833,0.833],"y":[0.833,0.833,0.833]},"o":{"x":[0.167,0.167,0.167],"y":[0.167,0.167,0.167]},"n":["0p833_0p833_0p167_0p167","0p833_0p833_0p167_0p167","0p833_0p833_0p167_0p167"],"t":52,"s":[20,20,100],"e":[5,5,100]},{"t":56}]}},"ao":0,"ip":7,"op":100,"st":7,"bm":0,"sr":1},{"ddd":0,"ind":17,"ty":2,"nm":"reqi.png","cl":"png","refId":"image_30","ks":{"o":{"a":1,"k":[{"i":{"x":[0.833],"y":[0.833]},"o":{"x":[0.167],"y":[0.167]},"n":["0p833_0p833_0p167_0p167"],"t":66,"s":[0],"e":[100]},{"i":{"x":[0.833],"y":[0.833]},"o":{"x":[0.167],"y":[0.167]},"n":["0p833_0p833_0p167_0p167"],"t":67,"s":[100],"e":[100]},{"i":{"x":[0.833],"y":[0.833]},"o":{"x":[0.167],"y":[0.167]},"n":["0p833_0p833_0p167_0p167"],"t":72,"s":[100],"e":[0]},{"t":77}]},"r":{"a":0,"k":0},"p":{"a":1,"k":[{"i":{"x":0.833,"y":0.833},"o":{"x":0.167,"y":0.167},"n":"0p833_0p833_0p167_0p167","t":67,"s":[473,271,0],"e":[473,201,0],"to":[0,-12.7053213119507,0],"ti":[0,0,0]},{"i":{"x":0.833,"y":0.833},"o":{"x":0.167,"y":0.167},"n":"0p833_0p833_0p167_0p167","t":72,"s":[473,201,0],"e":[473,161,0],"to":[0,0,0],"ti":[0,0,0]},{"t":76}]},"a":{"a":0,"k":[375,280,0]},"s":{"a":1,"k":[{"i":{"x":[0.833,0.833,0.833],"y":[0.833,0.833,0.833]},"o":{"x":[0.167,0.167,0.167],"y":[0.167,0.167,0.167]},"n":["0p833_0p833_0p167_0p167","0p833_0p833_0p167_0p167","0p833_0p833_0p167_0p167"],"t":67,"s":[20,20,100],"e":[20,20,100]},{"i":{"x":[0.833,0.833,0.833],"y":[0.833,0.833,0.833]},"o":{"x":[0.167,0.167,0.167],"y":[0.167,0.167,0.167]},"n":["0p833_0p833_0p167_0p167","0p833_0p833_0p167_0p167","0p833_0p833_0p167_0p167"],"t":72,"s":[20,20,100],"e":[5,5,100]},{"t":76}]}},"ao":0,"ip":7,"op":100,"st":7,"bm":0,"sr":1},{"ddd":0,"ind":18,"ty":2,"nm":"reqi.png","cl":"png","refId":"image_30","ks":{"o":{"a":1,"k":[{"i":{"x":[0.833],"y":[0.833]},"o":{"x":[0.167],"y":[0.167]},"n":["0p833_0p833_0p167_0p167"],"t":86,"s":[0],"e":[100]},{"i":{"x":[0.833],"y":[0.833]},"o":{"x":[0.167],"y":[0.167]},"n":["0p833_0p833_0p167_0p167"],"t":87,"s":[100],"e":[100]},{"i":{"x":[0.833],"y":[0.833]},"o":{"x":[0.167],"y":[0.167]},"n":["0p833_0p833_0p167_0p167"],"t":92,"s":[100],"e":[0]},{"t":97}]},"r":{"a":0,"k":0},"p":{"a":1,"k":[{"i":{"x":0.833,"y":0.833},"o":{"x":0.167,"y":0.167},"n":"0p833_0p833_0p167_0p167","t":87,"s":[473,271,0],"e":[473,201,0],"to":[0,-12.7053213119507,0],"ti":[0,0,0]},{"i":{"x":0.833,"y":0.833},"o":{"x":0.167,"y":0.167},"n":"0p833_0p833_0p167_0p167","t":92,"s":[473,201,0],"e":[473,161,0],"to":[0,0,0],"ti":[0,0,0]},{"t":96}]},"a":{"a":0,"k":[375,280,0]},"s":{"a":1,"k":[{"i":{"x":[0.833,0.833,0.833],"y":[0.833,0.833,0.833]},"o":{"x":[0.167,0.167,0.167],"y":[0.167,0.167,0.167]},"n":["0p833_0p833_0p167_0p167","0p833_0p833_0p167_0p167","0p833_0p833_0p167_0p167"],"t":87,"s":[20,20,100],"e":[20,20,100]},{"i":{"x":[0.833,0.833,0.833],"y":[0.833,0.833,0.833]},"o":{"x":[0.167,0.167,0.167],"y":[0.167,0.167,0.167]},"n":["0p833_0p833_0p167_0p167","0p833_0p833_0p167_0p167","0p833_0p833_0p167_0p167"],"t":92,"s":[20,20,100],"e":[5,5,100]},{"t":96}]}},"ao":0,"ip":7,"op":100,"st":7,"bm":0,"sr":1},{"ddd":0,"ind":19,"ty":2,"nm":"reqi.png","cl":"png","refId":"image_30","ks":{"o":{"a":1,"k":[{"i":{"x":[0.833],"y":[0.833]},"o":{"x":[0.167],"y":[0.167]},"n":["0p833_0p833_0p167_0p167"],"t":106,"s":[0],"e":[100]},{"i":{"x":[0.833],"y":[0.833]},"o":{"x":[0.167],"y":[0.167]},"n":["0p833_0p833_0p167_0p167"],"t":107,"s":[100],"e":[100]},{"i":{"x":[0.833],"y":[0.833]},"o":{"x":[0.167],"y":[0.167]},"n":["0p833_0p833_0p167_0p167"],"t":112,"s":[100],"e":[0]},{"t":117}]},"r":{"a":0,"k":0},"p":{"a":1,"k":[{"i":{"x":0.833,"y":0.833},"o":{"x":0.167,"y":0.167},"n":"0p833_0p833_0p167_0p167","t":107,"s":[473,271,0],"e":[473,201,0],"to":[0,-12.7053213119507,0],"ti":[0,0,0]},{"i":{"x":0.833,"y":0.833},"o":{"x":0.167,"y":0.167},"n":"0p833_0p833_0p167_0p167","t":112,"s":[473,201,0],"e":[473,161,0],"to":[0,0,0],"ti":[0,0,0]},{"t":116}]},"a":{"a":0,"k":[375,280,0]},"s":{"a":1,"k":[{"i":{"x":[0.833,0.833,0.833],"y":[0.833,0.833,0.833]},"o":{"x":[0.167,0.167,0.167],"y":[0.167,0.167,0.167]},"n":["0p833_0p833_0p167_0p167","0p833_0p833_0p167_0p167","0p833_0p833_0p167_0p167"],"t":107,"s":[20,20,100],"e":[20,20,100]},{"i":{"x":[0.833,0.833,0.833],"y":[0.833,0.833,0.833]},"o":{"x":[0.167,0.167,0.167],"y":[0.167,0.167,0.167]},"n":["0p833_0p833_0p167_0p167","0p833_0p833_0p167_0p167","0p833_0p833_0p167_0p167"],"t":112,"s":[20,20,100],"e":[5,5,100]},{"t":116}]}},"ao":0,"ip":7,"op":100,"st":7,"bm":0,"sr":1},{"ddd":0,"ind":20,"ty":2,"nm":"reqi.png","cl":"png","refId":"image_30","ks":{"o":{"a":1,"k":[{"i":{"x":[0.833],"y":[0.833]},"o":{"x":[0.167],"y":[0.167]},"n":["0p833_0p833_0p167_0p167"],"t":22,"s":[0],"e":[100]},{"i":{"x":[0.833],"y":[0.833]},"o":{"x":[0.167],"y":[0.167]},"n":["0p833_0p833_0p167_0p167"],"t":23,"s":[100],"e":[100]},{"i":{"x":[0.833],"y":[0.833]},"o":{"x":[0.167],"y":[0.167]},"n":["0p833_0p833_0p167_0p167"],"t":28,"s":[100],"e":[0]},{"t":33}]},"r":{"a":0,"k":0},"p":{"a":1,"k":[{"i":{"x":0.833,"y":0.833},"o":{"x":0.167,"y":0.167},"n":"0p833_0p833_0p167_0p167","t":23,"s":[263,271,0],"e":[263,201,0],"to":[0,-12.7053213119507,0],"ti":[0,0,0]},{"i":{"x":0.833,"y":0.833},"o":{"x":0.167,"y":0.167},"n":"0p833_0p833_0p167_0p167","t":28,"s":[263,201,0],"e":[263,161,0],"to":[0,0,0],"ti":[0,0,0]},{"t":32}]},"a":{"a":0,"k":[375,280,0]},"s":{"a":1,"k":[{"i":{"x":[0.833,0.833,0.833],"y":[0.833,0.833,0.833]},"o":{"x":[0.167,0.167,0.167],"y":[0.167,0.167,0.167]},"n":["0p833_0p833_0p167_0p167","0p833_0p833_0p167_0p167","0p833_0p833_0p167_0p167"],"t":23,"s":[20,20,100],"e":[20,20,100]},{"i":{"x":[0.833,0.833,0.833],"y":[0.833,0.833,0.833]},"o":{"x":[0.167,0.167,0.167],"y":[0.167,0.167,0.167]},"n":["0p833_0p833_0p167_0p167","0p833_0p833_0p167_0p167","0p833_0p833_0p167_0p167"],"t":28,"s":[20,20,100],"e":[5,5,100]},{"t":32}]}},"ao":0,"ip":7,"op":100,"st":7,"bm":0,"sr":1},{"ddd":0,"ind":21,"ty":2,"nm":"reqi.png","cl":"png","refId":"image_30","ks":{"o":{"a":1,"k":[{"i":{"x":[0.833],"y":[0.833]},"o":{"x":[0.167],"y":[0.167]},"n":["0p833_0p833_0p167_0p167"],"t":41,"s":[0],"e":[100]},{"i":{"x":[0.833],"y":[0.833]},"o":{"x":[0.167],"y":[0.167]},"n":["0p833_0p833_0p167_0p167"],"t":42,"s":[100],"e":[100]},{"i":{"x":[0.833],"y":[0.833]},"o":{"x":[0.167],"y":[0.167]},"n":["0p833_0p833_0p167_0p167"],"t":47,"s":[100],"e":[0]},{"t":52}]},"r":{"a":0,"k":0},"p":{"a":1,"k":[{"i":{"x":0.833,"y":0.833},"o":{"x":0.167,"y":0.167},"n":"0p833_0p833_0p167_0p167","t":42,"s":[263,271,0],"e":[263,201,0],"to":[0,-12.7053213119507,0],"ti":[0,0,0]},{"i":{"x":0.833,"y":0.833},"o":{"x":0.167,"y":0.167},"n":"0p833_0p833_0p167_0p167","t":47,"s":[263,201,0],"e":[263,161,0],"to":[0,0,0],"ti":[0,0,0]},{"t":51}]},"a":{"a":0,"k":[375,280,0]},"s":{"a":1,"k":[{"i":{"x":[0.833,0.833,0.833],"y":[0.833,0.833,0.833]},"o":{"x":[0.167,0.167,0.167],"y":[0.167,0.167,0.167]},"n":["0p833_0p833_0p167_0p167","0p833_0p833_0p167_0p167","0p833_0p833_0p167_0p167"],"t":42,"s":[20,20,100],"e":[20,20,100]},{"i":{"x":[0.833,0.833,0.833],"y":[0.833,0.833,0.833]},"o":{"x":[0.167,0.167,0.167],"y":[0.167,0.167,0.167]},"n":["0p833_0p833_0p167_0p167","0p833_0p833_0p167_0p167","0p833_0p833_0p167_0p167"],"t":47,"s":[20,20,100],"e":[5,5,100]},{"t":51}]}},"ao":0,"ip":7,"op":100,"st":7,"bm":0,"sr":1},{"ddd":0,"ind":22,"ty":2,"nm":"reqi.png","cl":"png","refId":"image_30","ks":{"o":{"a":1,"k":[{"i":{"x":[0.833],"y":[0.833]},"o":{"x":[0.167],"y":[0.167]},"n":["0p833_0p833_0p167_0p167"],"t":60,"s":[0],"e":[100]},{"i":{"x":[0.833],"y":[0.833]},"o":{"x":[0.167],"y":[0.167]},"n":["0p833_0p833_0p167_0p167"],"t":61,"s":[100],"e":[100]},{"i":{"x":[0.833],"y":[0.833]},"o":{"x":[0.167],"y":[0.167]},"n":["0p833_0p833_0p167_0p167"],"t":66,"s":[100],"e":[0]},{"t":71}]},"r":{"a":0,"k":0},"p":{"a":1,"k":[{"i":{"x":0.833,"y":0.833},"o":{"x":0.167,"y":0.167},"n":"0p833_0p833_0p167_0p167","t":61,"s":[263,271,0],"e":[263,201,0],"to":[0,-12.7053213119507,0],"ti":[0,0,0]},{"i":{"x":0.833,"y":0.833},"o":{"x":0.167,"y":0.167},"n":"0p833_0p833_0p167_0p167","t":66,"s":[263,201,0],"e":[263,161,0],"to":[0,0,0],"ti":[0,0,0]},{"t":70}]},"a":{"a":0,"k":[375,280,0]},"s":{"a":1,"k":[{"i":{"x":[0.833,0.833,0.833],"y":[0.833,0.833,0.833]},"o":{"x":[0.167,0.167,0.167],"y":[0.167,0.167,0.167]},"n":["0p833_0p833_0p167_0p167","0p833_0p833_0p167_0p167","0p833_0p833_0p167_0p167"],"t":61,"s":[20,20,100],"e":[20,20,100]},{"i":{"x":[0.833,0.833,0.833],"y":[0.833,0.833,0.833]},"o":{"x":[0.167,0.167,0.167],"y":[0.167,0.167,0.167]},"n":["0p833_0p833_0p167_0p167","0p833_0p833_0p167_0p167","0p833_0p833_0p167_0p167"],"t":66,"s":[20,20,100],"e":[5,5,100]},{"t":70}]}},"ao":0,"ip":7,"op":100,"st":7,"bm":0,"sr":1},{"ddd":0,"ind":23,"ty":2,"nm":"reqi.png","cl":"png","refId":"image_30","ks":{"o":{"a":1,"k":[{"i":{"x":[0.833],"y":[0.833]},"o":{"x":[0.167],"y":[0.167]},"n":["0p833_0p833_0p167_0p167"],"t":79,"s":[0],"e":[100]},{"i":{"x":[0.833],"y":[0.833]},"o":{"x":[0.167],"y":[0.167]},"n":["0p833_0p833_0p167_0p167"],"t":80,"s":[100],"e":[100]},{"i":{"x":[0.833],"y":[0.833]},"o":{"x":[0.167],"y":[0.167]},"n":["0p833_0p833_0p167_0p167"],"t":85,"s":[100],"e":[0]},{"t":90}]},"r":{"a":0,"k":0},"p":{"a":1,"k":[{"i":{"x":0.833,"y":0.833},"o":{"x":0.167,"y":0.167},"n":"0p833_0p833_0p167_0p167","t":80,"s":[263,271,0],"e":[263,201,0],"to":[0,-12.7053213119507,0],"ti":[0,0,0]},{"i":{"x":0.833,"y":0.833},"o":{"x":0.167,"y":0.167},"n":"0p833_0p833_0p167_0p167","t":85,"s":[263,201,0],"e":[263,161,0],"to":[0,0,0],"ti":[0,0,0]},{"t":89}]},"a":{"a":0,"k":[375,280,0]},"s":{"a":1,"k":[{"i":{"x":[0.833,0.833,0.833],"y":[0.833,0.833,0.833]},"o":{"x":[0.167,0.167,0.167],"y":[0.167,0.167,0.167]},"n":["0p833_0p833_0p167_0p167","0p833_0p833_0p167_0p167","0p833_0p833_0p167_0p167"],"t":80,"s":[20,20,100],"e":[20,20,100]},{"i":{"x":[0.833,0.833,0.833],"y":[0.833,0.833,0.833]},"o":{"x":[0.167,0.167,0.167],"y":[0.167,0.167,0.167]},"n":["0p833_0p833_0p167_0p167","0p833_0p833_0p167_0p167","0p833_0p833_0p167_0p167"],"t":85,"s":[20,20,100],"e":[5,5,100]},{"t":89}]}},"ao":0,"ip":7,"op":100,"st":7,"bm":0,"sr":1},{"ddd":0,"ind":24,"ty":2,"nm":"reqi.png","cl":"png","refId":"image_30","ks":{"o":{"a":1,"k":[{"i":{"x":[0.833],"y":[0.833]},"o":{"x":[0.167],"y":[0.167]},"n":["0p833_0p833_0p167_0p167"],"t":100,"s":[0],"e":[100]},{"i":{"x":[0.833],"y":[0.833]},"o":{"x":[0.167],"y":[0.167]},"n":["0p833_0p833_0p167_0p167"],"t":101,"s":[100],"e":[100]},{"i":{"x":[0.833],"y":[0.833]},"o":{"x":[0.167],"y":[0.167]},"n":["0p833_0p833_0p167_0p167"],"t":106,"s":[100],"e":[0]},{"t":111}]},"r":{"a":0,"k":0},"p":{"a":1,"k":[{"i":{"x":0.833,"y":0.833},"o":{"x":0.167,"y":0.167},"n":"0p833_0p833_0p167_0p167","t":101,"s":[263,271,0],"e":[263,201,0],"to":[0,-12.7053213119507,0],"ti":[0,0,0]},{"i":{"x":0.833,"y":0.833},"o":{"x":0.167,"y":0.167},"n":"0p833_0p833_0p167_0p167","t":106,"s":[263,201,0],"e":[263,161,0],"to":[0,0,0],"ti":[0,0,0]},{"t":110}]},"a":{"a":0,"k":[375,280,0]},"s":{"a":1,"k":[{"i":{"x":[0.833,0.833,0.833],"y":[0.833,0.833,0.833]},"o":{"x":[0.167,0.167,0.167],"y":[0.167,0.167,0.167]},"n":["0p833_0p833_0p167_0p167","0p833_0p833_0p167_0p167","0p833_0p833_0p167_0p167"],"t":101,"s":[20,20,100],"e":[20,20,100]},{"i":{"x":[0.833,0.833,0.833],"y":[0.833,0.833,0.833]},"o":{"x":[0.167,0.167,0.167],"y":[0.167,0.167,0.167]},"n":["0p833_0p833_0p167_0p167","0p833_0p833_0p167_0p167","0p833_0p833_0p167_0p167"],"t":106,"s":[20,20,100],"e":[5,5,100]},{"t":110}]}},"ao":0,"ip":7,"op":100,"st":7,"bm":0,"sr":1},{"ddd":0,"ind":25,"ty":2,"nm":"reqi.png","cl":"png","refId":"image_30","ks":{"o":{"a":1,"k":[{"i":{"x":[0.833],"y":[0.833]},"o":{"x":[0.167],"y":[0.167]},"n":["0p833_0p833_0p167_0p167"],"t":120,"s":[0],"e":[100]},{"i":{"x":[0.833],"y":[0.833]},"o":{"x":[0.167],"y":[0.167]},"n":["0p833_0p833_0p167_0p167"],"t":121,"s":[100],"e":[100]},{"i":{"x":[0.833],"y":[0.833]},"o":{"x":[0.167],"y":[0.167]},"n":["0p833_0p833_0p167_0p167"],"t":126,"s":[100],"e":[0]},{"t":131}]},"r":{"a":0,"k":0},"p":{"a":1,"k":[{"i":{"x":0.833,"y":0.833},"o":{"x":0.167,"y":0.167},"n":"0p833_0p833_0p167_0p167","t":121,"s":[263,271,0],"e":[263,201,0],"to":[0,-12.7053213119507,0],"ti":[0,0,0]},{"i":{"x":0.833,"y":0.833},"o":{"x":0.167,"y":0.167},"n":"0p833_0p833_0p167_0p167","t":126,"s":[263,201,0],"e":[263,161,0],"to":[0,0,0],"ti":[0,0,0]},{"t":130}]},"a":{"a":0,"k":[375,280,0]},"s":{"a":1,"k":[{"i":{"x":[0.833,0.833,0.833],"y":[0.833,0.833,0.833]},"o":{"x":[0.167,0.167,0.167],"y":[0.167,0.167,0.167]},"n":["0p833_0p833_0p167_0p167","0p833_0p833_0p167_0p167","0p833_0p833_0p167_0p167"],"t":121,"s":[20,20,100],"e":[20,20,100]},{"i":{"x":[0.833,0.833,0.833],"y":[0.833,0.833,0.833]},"o":{"x":[0.167,0.167,0.167],"y":[0.167,0.167,0.167]},"n":["0p833_0p833_0p167_0p167","0p833_0p833_0p167_0p167","0p833_0p833_0p167_0p167"],"t":126,"s":[20,20,100],"e":[5,5,100]},{"t":130}]}},"ao":0,"ip":7,"op":100,"st":7,"bm":0,"sr":1},{"ddd":0,"ind":26,"ty":2,"nm":"火锅.png","cl":"png","refId":"image_31","ks":{"o":{"a":0,"k":100},"r":{"a":0,"k":0},"p":{"a":0,"k":[375,280,0]},"a":{"a":0,"k":[375,280,0]},"s":{"a":1,"k":[{"i":{"x":[0.833,0.833,0.833],"y":[0.833,0.833,0.833]},"o":{"x":[0.167,0.167,0.167],"y":[0.167,0.167,0.167]},"n":["0p833_0p833_0p167_0p167","0p833_0p833_0p167_0p167","0p833_0p833_0p167_0p167"],"t":7,"s":[20,20,100],"e":[105,105,100]},{"i":{"x":[0.833,0.833,0.833],"y":[0.833,0.833,0.833]},"o":{"x":[0.167,0.167,0.167],"y":[0.167,0.167,0.167]},"n":["0p833_0p833_0p167_0p167","0p833_0p833_0p167_0p167","0p833_0p833_0p167_0p167"],"t":10,"s":[105,105,100],"e":[95,95,100]},{"i":{"x":[0.833,0.833,0.833],"y":[0.833,0.833,0.833]},"o":{"x":[0.167,0.167,0.167],"y":[0.167,0.167,0.167]},"n":["0p833_0p833_0p167_0p167","0p833_0p833_0p167_0p167","0p833_0p833_0p167_0p167"],"t":13,"s":[95,95,100],"e":[100,100,100]},{"t":16}]}},"ao":0,"ip":7,"op":100,"st":7,"bm":0,"sr":1}]}],"layers":[{"ddd":0,"ind":1,"ty":0,"nm":"火特效","refId":"comp_0","ks":{"o":{"a":0,"k":100},"r":{"a":0,"k":0},"p":{"a":0,"k":[375,280,0]},"a":{"a":0,"k":[375,280,0]},"s":{"a":0,"k":[100,100,100]}},"ao":0,"w":750,"h":560,"ip":0,"op":100,"st":0,"bm":0,"sr":1},{"ddd":0,"ind":3,"ty":0,"nm":"预合成 1","refId":"comp_1","ks":{"o":{"a":1,"k":[{"i":{"x":[0.833],"y":[0.833]},"o":{"x":[0.167],"y":[0.167]},"n":["0p833_0p833_0p167_0p167"],"t":94,"s":[100],"e":[0]},{"t":99}]},"r":{"a":0,"k":0},"p":{"a":0,"k":[375,280,0]},"a":{"a":0,"k":[375,280,0]},"s":{"a":0,"k":[100,100,100]}},"ao":0,"w":750,"h":560,"ip":0,"op":100,"st":0,"bm":0,"sr":1}]}