{"v":"4.6.9","fr":25,"ip":0,"op":75,"w":750,"h":560,"nm":"kaoya","ddd":0,"assets":[{"id":"image_0","w":750,"h":560,"u":"images/","p":"giftMiddle_animation_ky_0.png"},{"id":"image_1","w":750,"h":560,"u":"images/","p":"giftMiddle_animation_ky_1.png"},{"id":"image_2","w":750,"h":560,"u":"images/","p":"giftMiddle_animation_ky_2.png"},{"id":"image_3","w":750,"h":560,"u":"images/","p":"giftMiddle_animation_ky_3.png"},{"id":"image_4","w":750,"h":560,"u":"images/","p":"giftMiddle_animation_ky_4.png"}],"layers":[{"ddd":0,"ind":1,"ty":2,"nm":"hudiejie2.png","cl":"png","refId":"image_0","ks":{"o":{"a":1,"k":[{"i":{"x":[0.833],"y":[0.833]},"o":{"x":[0.167],"y":[0.167]},"n":["0p833_0p833_0p167_0p167"],"t":20,"s":[0],"e":[100]},{"t":24}]},"r":{"a":0,"k":0},"p":{"a":0,"k":[177,280,0]},"a":{"a":0,"k":[177,280,0]},"s":{"a":1,"k":[{"i":{"x":[0.833,0.833,0.833],"y":[0.833,0.833,0.833]},"o":{"x":[0.167,0.167,0.167],"y":[0.167,0.167,0.167]},"n":["0p833_0p833_0p167_0p167","0p833_0p833_0p167_0p167","0p833_0p833_0p167_0p167"],"t":20,"s":[20,20,100],"e":[105,105,100]},{"i":{"x":[0.833,0.833,0.833],"y":[0.833,0.833,0.833]},"o":{"x":[0.167,0.167,0.167],"y":[0.167,0.167,0.167]},"n":["0p833_0p833_0p167_0p167","0p833_0p833_0p167_0p167","0p833_0p833_0p167_0p167"],"t":25,"s":[105,105,100],"e":[100,100,100]},{"t":28}]}},"ao":0,"ip":0,"op":75,"st":0,"bm":0,"sr":1},{"ddd":0,"ind":2,"ty":2,"nm":"kaoya1.png","cl":"png","refId":"image_1","ks":{"o":{"a":1,"k":[{"i":{"x":[0.833],"y":[0.833]},"o":{"x":[0.167],"y":[0.167]},"n":["0p833_0p833_0p167_0p167"],"t":1,"s":[0],"e":[100]},{"t":4}]},"r":{"a":0,"k":0},"p":{"a":0,"k":[389,324,0]},"a":{"a":0,"k":[375,280,0]},"s":{"a":1,"k":[{"i":{"x":[0.833,0.833,0.833],"y":[0.833,0.833,0.833]},"o":{"x":[0.167,0.167,0.167],"y":[0.167,0.167,0.167]},"n":["0p833_0p833_0p167_0p167","0p833_0p833_0p167_0p167","0p833_0p833_0p167_0p167"],"t":1,"s":[15,15,100],"e":[72,72,100]},{"i":{"x":[0.833,0.833,0.833],"y":[0.833,0.833,0.833]},"o":{"x":[0.167,0.167,0.167],"y":[0.167,0.167,0.167]},"n":["0p833_0p833_0p167_0p167","0p833_0p833_0p167_0p167","0p833_0p833_0p167_0p167"],"t":7,"s":[72,72,100],"e":[65,65,100]},{"i":{"x":[0.833,0.833,0.833],"y":[0.833,0.833,0.833]},"o":{"x":[0.167,0.167,0.167],"y":[0.167,0.167,0.167]},"n":["0p833_0p833_0p167_0p167","0p833_0p833_0p167_0p167","0p833_0p833_0p167_0p167"],"t":12,"s":[65,65,100],"e":[68,68,100]},{"t":15}]}},"ao":0,"ip":0,"op":75,"st":0,"bm":0,"sr":1},{"ddd":0,"ind":3,"ty":2,"nm":"bing3.png","cl":"png","refId":"image_2","ks":{"o":{"a":1,"k":[{"i":{"x":[0.833],"y":[0.833]},"o":{"x":[0.167],"y":[0.167]},"n":["0p833_0p833_0p167_0p167"],"t":39,"s":[0],"e":[100]},{"t":40}]},"r":{"a":0,"k":0},"p":{"a":0,"k":[356,287,0]},"a":{"a":0,"k":[356,287,0]},"s":{"a":1,"k":[{"i":{"x":[0.833,0.833,0.833],"y":[0.833,0.833,0.833]},"o":{"x":[0.167,0.167,0.167],"y":[0.167,0.167,0.167]},"n":["0p833_0p833_0p167_0p167","0p833_0p833_0p167_0p167","0p833_0p833_0p167_0p167"],"t":40,"s":[20,20,100],"e":[105,105,100]},{"i":{"x":[0.833,0.833,0.833],"y":[0.833,0.833,0.833]},"o":{"x":[0.167,0.167,0.167],"y":[0.167,0.167,0.167]},"n":["0p833_0p833_0p167_0p167","0p833_0p833_0p167_0p167","0p833_0p833_0p167_0p167"],"t":44,"s":[105,105,100],"e":[100,100,100]},{"t":47}]}},"ao":0,"ip":0,"op":75,"st":0,"bm":0,"sr":1},{"ddd":0,"ind":4,"ty":2,"nm":"jiang4.png","cl":"png","refId":"image_3","ks":{"o":{"a":1,"k":[{"i":{"x":[0.833],"y":[0.833]},"o":{"x":[0.167],"y":[0.167]},"n":["0p833_0p833_0p167_0p167"],"t":49,"s":[0],"e":[100]},{"t":50}]},"r":{"a":0,"k":0},"p":{"a":0,"k":[448,285,0]},"a":{"a":0,"k":[448,285,0]},"s":{"a":1,"k":[{"i":{"x":[0.833,0.833,0.833],"y":[0.833,0.833,0.833]},"o":{"x":[0.167,0.167,0.167],"y":[0.167,0.167,0.167]},"n":["0p833_0p833_0p167_0p167","0p833_0p833_0p167_0p167","0p833_0p833_0p167_0p167"],"t":50,"s":[20,20,100],"e":[105,105,100]},{"i":{"x":[0.833,0.833,0.833],"y":[0.833,0.833,0.833]},"o":{"x":[0.167,0.167,0.167],"y":[0.167,0.167,0.167]},"n":["0p833_0p833_0p167_0p167","0p833_0p833_0p167_0p167","0p833_0p833_0p167_0p167"],"t":54,"s":[105,105,100],"e":[100,100,100]},{"t":57}]}},"ao":0,"ip":0,"op":75,"st":0,"bm":0,"sr":1},{"ddd":0,"ind":5,"ty":2,"nm":"cai5.png","cl":"png","refId":"image_4","ks":{"o":{"a":1,"k":[{"i":{"x":[0.833],"y":[0.833]},"o":{"x":[0.167],"y":[0.167]},"n":["0p833_0p833_0p167_0p167"],"t":60,"s":[0],"e":[100]},{"t":61}]},"r":{"a":0,"k":0},"p":{"a":0,"k":[531,324,0]},"a":{"a":0,"k":[531,324,0]},"s":{"a":1,"k":[{"i":{"x":[0.833,0.833,0.833],"y":[0.833,0.833,0.833]},"o":{"x":[0.167,0.167,0.167],"y":[0.167,0.167,0.167]},"n":["0p833_0p833_0p167_0p167","0p833_0p833_0p167_0p167","0p833_0p833_0p167_0p167"],"t":61,"s":[20,20,100],"e":[105,105,100]},{"i":{"x":[0.833,0.833,0.833],"y":[0.833,0.833,0.833]},"o":{"x":[0.167,0.167,0.167],"y":[0.167,0.167,0.167]},"n":["0p833_0p833_0p167_0p167","0p833_0p833_0p167_0p167","0p833_0p833_0p167_0p167"],"t":65,"s":[105,105,100],"e":[100,100,100]},{"t":68}]}},"ao":0,"ip":0,"op":75,"st":0,"bm":0,"sr":1}]}